Design no.,pI value,Molecular weight/g,Amino acid sequence,DNA sequence,objective,enantioselectivity
2,4.61,29361.93,MGKVLEEIKELLEKGAILILLDARPLLKDPEAFRAAAEAVREVVEEAGVPYLVYALVTPDPESIRAGLELTELAGAPYRIIALPVDENSTPEAVEVAAELGADIIILMLLGDPTDEQLARAREIAEKALKLGVGVIVMAHSREAFERALEALPKEALFLYVFYDEEERKEFEEFAKENPEYKNGLIVMLLFKVDLTDPEKVREALREGIEILKKVPGIAGGVVLLPPETIDANPLLQEELEKSKKAREWILSGGSGGSWSHPQFEK,ATGGGTAAAGTGCTGGAAGAAATTAAAGAACTGCTGGAAAAAGGCGCGATCCTGATTCTGCTGGATGCGCGCCCGCTGCTGAAGGATCCGGAAGCGTTTCGTGCCGCGGCGGAAGCGGTGCGTGAAGTGGTTGAAGAAGCGGGCGTGCCGTATCTGGTGTACGCGCTGGTGACGCCGGATCCGGAAAGCATTCGTGCCGGCCTGGAACTGACCGAACTGGCCGGTGCCCCGTACCGCATCATTGCCCTGCCGGTGGATGAAAACAGCACCCCGGAAGCCGTGGAAGTGGCGGCAGAACTGGGCGCGGATATCATTATTCTGATGCTGCTGGGCGACCCGACCGATGAACAACTGGCGCGCGCGCGTGAAATTGCGGAAAAAGCGCTGAAGCTGGGCGTGGGCGTGATTGTTATGGCGCACTCACGTGAAGCGTTCGAACGCGCGCTGGAAGCGCTGCCGAAAGAAGCGCTGTTTCTGTACGTGTTTTACGATGAAGAAGAACGTAAAGAATTTGAAGAATTTGCGAAAGAAAACCCGGAATATAAAAACGGTCTGATTGTTATGCTGCTGTTTAAAGTGGATCTGACCGATCCGGAAAAAGTTCGCGAAGCGCTGCGCGAAGGCATCGAAATTCTGAAAAAAGTGCCGGGCATCGCGGGCGGCGTGGTGCTGCTGCCGCCGGAAACCATTGATGCGAACCCGCTGCTGCAGGAAGAACTGGAAAAAAGCAAAAAAGCGCGCGAATGGATTCTGAGCGGCGGCAGCGGCGGCAGCTGGAGCCATCCGCAGTTTGAAAAATAA,44.0,0.02
4,4.61,29283.86,MGKVLEEIKELLEKGAILIELDARPLLKDPEAFRAAAEAVREVVEEAGVPYLVAALVTPDPESIRAGLELTELAGAPYRIIVLPVDENSTPEAVEVAAELGADIIILMLLGDPTDEQLARAREIAEKALKLGVGVIVMAHSREAFERALEALPKEALFLYVFYDEEERKEFEEFAKENPEYKNGLVVMLLFKVDLTDPEKVREALREGIEILKKVPGIAGGVVLLPPETIDANPLLQELLEKSKKAREWILSGGSGGSWSHPQFEK,ATGGGCAAAGTGCTGGAAGAAATTAAAGAACTGCTGGAAAAAGGTGCGATTCTGATTGAACTGGATGCGCGCCCGCTGCTGAAAGATCCGGAAGCGTTTCGTGCGGCCGCCGAAGCCGTGCGTGAAGTGGTTGAAGAAGCCGGCGTGCCGTACCTGGTGGCGGCCCTGGTTACCCCGGATCCGGAGAGCATTCGCGCGGGCCTGGAACTGACCGAACTGGCCGGCGCGCCGTATCGCATTATTGTGTTACCGGTGGATGAGAACAGCACCCCGGAAGCGGTGGAAGTGGCGGCGGAACTGGGTGCGGATATTATTATCCTGATGCTGCTGGGCGATCCGACCGACGAACAGCTGGCGCGTGCGCGCGAAATCGCCGAAAAAGCGCTGAAACTGGGCGTGGGCGTGATTGTGATGGCACACAGCCGCGAAGCATTTGAACGCGCCCTGGAAGCGCTGCCGAAAGAAGCGCTGTTCCTGTATGTTTTTTACGATGAAGAAGAACGTAAAGAGTTTGAAGAATTTGCGAAAGAAAACCCGGAATATAAAAATGGCCTGGTGGTAATGCTGCTGTTTAAAGTGGATCTGACCGATCCGGAAAAAGTGCGCGAAGCGCTGCGCGAAGGCATTGAAATTCTGAAAAAAGTGCCGGGCATTGCGGGCGGCGTGGTGCTGCTGCCGCCTGAAACCATTGATGCCAATCCGCTGCTGCAGGAACTGCTGGAAAAAAGCAAAAAAGCCCGCGAATGGATTCTGAGCGGCGGCAGCGGTGGTAGCTGGAGCCATCCGCAGTTTGAAAAATAA ,53.0,0.04
6,4.61,29283.86,MGKVLEEIKELLEKGAILVELDARPLLKDPEAFRAAAEAVREVVEEAGVPYLVAALVTPDPESIRAGLELTELAGAPYRIIILPVDENSTPEAVEVAAELGADIIILMLLGDPTDEQLARAREIAEKALKLGVGVIVMAHSREAFERALEALPKEALFLYVFYDEEERKEFEEFAKENPEYKNGLVVMLLFKVDLTDPEKVREALREGIEILKKVPGIAGGVVLLPPETIDANPLLQELLEKSKKAREWILSGGSGGSWSHPQFEK,ATGGGCAAAGTGCTGGAAGAAATTAAAGAACTGCTGGAAAAAGGTGCGATTCTGGTGGAACTGGATGCGCGCCCGCTGCTGAAAGATCCGGAAGCGTTTCGTGCGGCCGCCGAAGCCGTGCGTGAAGTGGTTGAAGAAGCCGGCGTGCCGTACCTGGTGGCGGCCCTGGTTACCCCGGATCCGGAGAGCATTCGCGCGGGCCTGGAACTGACCGAACTGGCCGGCGCGCCGTATCGCATTATTATTTTACCGGTGGATGAGAACAGCACCCCGGAAGCGGTGGAAGTGGCGGCGGAACTGGGTGCGGATATTATTATCCTGATGCTGCTGGGCGATCCGACCGACGAACAGCTGGCGCGTGCGCGCGAAATCGCCGAAAAAGCGCTGAAACTGGGCGTGGGCGTGATTGTGATGGCACACAGCCGCGAAGCATTTGAACGCGCCCTGGAAGCGCTGCCGAAAGAAGCGCTGTTCCTGTATGTTTTTTACGATGAAGAAGAACGTAAAGAGTTTGAAGAATTTGCGAAAGAAAACCCGGAATATAAAAATGGCCTGGTGGTAATGCTGCTGTTTAAAGTGGATCTGACCGATCCGGAAAAAGTGCGCGAAGCGCTGCGCGAAGGCATTGAAATTCTGAAAAAAGTGCCGGGCATTGCGGGCGGCGTGGTGCTGCTGCCGCCTGAAACCATTGATGCCAATCCGCTGCTGCAGGAACTGCTGGAAAAAAGCAAAAAAGCCCGCGAATGGATTCTGAGCGGCGGCAGCGGTGGTAGCTGGAGCCATCCGCAGTTTGAAAAATAA ,49.0,0.04
8,4.8,18115.51,MGMTEEEIFREAVEEMLAIMDELGREERREEFRRLAEEMERFWKETGGVITEPEEARRFARRMAEMSGLIAGAPPEVIEEAKRAMEEDAREMAERGASFWEMMKVAHERTLDMLVERGVITPEEAARVKKVVNEYADKMEAARGGSGGSWSHPQFEK,ATGGGCATGACCGAAGAAGAAATTTTTCGCGAAGCGGTGGAGGAAATGCTGGCGATTATGGACGAACTGGGTCGCGAAGAACGCCGCGAAGAATTTCGCCGTCTGGCGGAAGAAATGGAACGTTTTTGGAAAGAAACCGGCGGCGTGATTACCGAACCGGAAGAAGCGCGCCGCTTTGCCCGTCGCATGGCCGAAATGAGCGGCCTGATTGCCGGCGCGCCGCCGGAAGTGATTGAAGAAGCAAAACGCGCGATGGAAGAAGATGCGCGCGAAATGGCGGAACGCGGCGCGAGCTTTTGGGAAATGATGAAAGTGGCCCATGAACGCACCCTGGATATGCTGGTGGAACGTGGCGTGATTACCCCGGAAGAAGCAGCCCGCGTGAAAAAAGTGGTAAACGAATACGCGGATAAAATGGAAGCAGCGCGCGGTGGCAGCGGCGGCAGCTGGAGCCATCCGCAGTTTGAAAAATAA,38.0,0.0
10,4.75,17225.51,MGDEVFRRVGEALGVPPEEMAVEKLYAHFTEEERAAVKRMEEMMKDPSAVPTEEEARLFARAMAKMVGVLVGATEEQTEKMIEAALPAVLEAQRRGASATELMAVAHEESYRALVELGHLTEEQGRELIAIIREAAKEVEDAAGGSGGSWSHPQFEK,ATGGGCGACGAAGTGTTTCGTCGCGTGGGCGAAGCGCTGGGTGTGCCGCCGGAAGAAATGGCGGTTGAAAAACTGTATGCGCACTTTACCGAAGAAGAACGCGCGGCCGTGAAACGTATGGAAGAAATGATGAAAGATCCGAGCGCGGTGCCGACCGAAGAAGAAGCGCGCCTGTTTGCGCGCGCGATGGCGAAAATGGTAGGCGTGTTAGTAGGCGCGACCGAAGAACAGACCGAGAAAATGATTGAAGCGGCGCTGCCGGCCGTGCTGGAAGCGCAGCGTCGCGGCGCGTCGGCGACCGAACTGATGGCGGTGGCCCATGAAGAAAGCTATCGCGCGCTGGTGGAACTGGGCCATCTGACCGAAGAACAGGGCCGTGAACTGATTGCCATTATTCGCGAAGCGGCCAAAGAAGTGGAAGATGCGGCCGGCGGCAGCGGTGGCAGCTGGAGCCATCCGCAGTTTGAAAAATAA,27.0,0.02
12,4.93,17823.25,MGEEMRERVARLTGAPVEEASDEAGAKAMAEEMGMSPEEMLEIFRKPGEEMTEEEKLTFALGMAYMAGRLMHMSPEQRREIVEEFRPEAERMAREGVSKEAIMGRAHRYAFRRALEMGVLDPEAARELIEMFERYEKEGLAKSGGSGGSWSHPQFEK,ATGGGCGAAGAAATGCGCGAACGCGTGGCACGCCTGACCGGCGCGCCGGTGGAAGAAGCGAGCGATGAAGCGGGCGCGAAAGCCATGGCGGAAGAAATGGGCATGAGCCCGGAAGAAATGCTGGAAATTTTTCGTAAACCGGGCGAAGAAATGACCGAAGAAGAAAAACTGACCTTTGCGCTGGGCATGGCGTATATGGCGGGCCGCCTGATGCATATGAGCCCGGAACAGCGTCGCGAAATTGTGGAAGAATTTCGCCCGGAAGCCGAACGCATGGCACGCGAAGGCGTGAGCAAAGAAGCCATTATGGGCCGTGCGCACCGTTACGCCTTTCGCCGCGCCCTGGAAATGGGCGTTCTGGATCCGGAAGCGGCCCGCGAACTGATTGAAATGTTCGAACGCTACGAAAAAGAAGGCCTGGCGAAAAGCGGCGGCAGCGGCGGCAGCTGGAGCCATCCGCAGTTCGAAAAATAA,15.0,0.04
14,5.75,17480.87,MGEALRDEVLDRAGIPRERASPEYMRRVLEEAGHPYADKVVEYAMDPARRLTREEARNFMIGMVYMAARLLGLPLEEARRVVERARPYAERLADEVRTAAEAMAVAHEMAGRAMAEIGDPRAEAGLRFGRLVREAAARIDAEAGGSGGSWSHPQFEK,ATGGGCGAAGCGCTGCGCGATGAAGTGCTGGACCGCGCTGGCATTCCGCGCGAACGCGCGAGCCCGGAATACATGCGTCGCGTGCTGGAAGAAGCGGGCCACCCCTATGCGGATAAAGTTGTAGAATATGCAATGGATCCGGCCCGCCGCCTGACGCGTGAAGAAGCGCGTAACTTTATGATTGGCATGGTTTATATGGCAGCCCGCCTGCTGGGCCTGCCGCTGGAAGAAGCCCGTCGTGTGGTTGAACGTGCGCGTCCGTATGCGGAACGCCTGGCCGATGAAGTGCGCACTGCAGCGGAAGCCATGGCAGTGGCACATGAAATGGCGGGCCGCGCAATGGCCGAAATTGGCGATCCGCGTGCAGAAGCAGGCCTGCGTTTTGGCCGTCTGGTTCGCGAAGCCGCAGCGCGCATTGATGCCGAGGCAGGTGGCTCTGGTGGCTCATGGTCACACCCGCAGTTTGAAAAATAA ,32.0,0.02
16,5.03,17599.04,MGEPLLRVADEAFARAAAAPNGRDLRPELEEGYELARAALREYARGEVRPLTEEEARIFGRGMVIMQGVLLGLPAERIREMVEEFEPVAEEMGRRGLTPMEMMGVAHSWVAERAAEMGLIPEERAREIRERGERVIEEARRLAGGSGGSWSHPQFEK,ATGGGCGAACCGCTGCTGCGTGTTGCAGATGAAGCGTTTGCGCGTGCGGCGGCGGCGCCGAATGGCCGTGATCTGCGTCCGGAACTGGAAGAAGGTTATGAACTGGCCCGTGCGGCGCTGCGTGAATACGCCCGTGGTGAAGTCCGTCCGCTGACAGAAGAAGAAGCGCGCATTTTTGGCCGTGGCATGGTTATTATGCAGGGTGTACTGCTGGGTCTGCCGGCGGAACGTATCCGTGAAATGGTGGAAGAATTTGAACCTGTGGCGGAAGAAATGGGCCGCCGTGGTCTTACCCCGATGGAAATGATGGGCGTGGCGCATTCCTGGGTGGCGGAACGCGCGGCCGAAATGGGCCTGATTCCGGAAGAACGCGCGCGTGAAATTCGTGAACGCGGCGAACGCGTAATTGAAGAAGCGCGCCGTCTGGCCGGCGGCAGCGGCGGCTCCTGGAGCCATCCGCAGTTTGAAAAATAA,24.0,0.0
18,4.87,17784.7,MGARAREEAAEIMGREAFEEALRRARERLRARGHPAADLPLDELVAGVEAGDEERAAQFREWMREMSRAMHELGLTDEDIELTERAVERAEADPETDRFMLEMALAHAEALEELADAGRLTPEQRERVRELAERARAAYERGRGGSGGSWSHPQFEK,ATGGGCGCCCGTGCACGTGAAGAAGCTGCTGAAATTATGGGCCGCGAAGCCTTTGAAGAAGCACTGCGCCGCGCCCGCGAACGTCTGCGTGCGCGTGGACACCCGGCCGCGGATCTGCCTCTGGATGAACTGGTTGCCGGCGTTGAAGCGGGCGATGAAGAACGCGCCGCCCAGTTTCGTGAATGGATGCGCGAAATGTCTCGTGCAATGCATGAACTGGGACTGACCGATGAAGATATTGAACTGACCGAACGCGCGGTGGAACGCGCCGAAGCGGATCCGGAAACCGATCGTTTCATGCTGGAAATGGCCCTGGCTCATGCCGAAGCACTGGAAGAACTCGCGGATGCGGGTCGCCTGACCCCGGAACAGCGCGAACGCGTGCGTGAACTGGCGGAACGTGCGCGCGCAGCGTATGAACGAGGCCGTGGCGGTTCGGGCGGCAGCTGGTCACATCCGCAGTTTGAGAAATAA,47.0,-0.04
20,4.78,17386.6,MGAAREEEFRRITAEALADPAVREAVERAGARYGVSLEEIVEAQLRPLEELTERERLAMAYAMFAMAAAILGATPEEVERVRDELEPLAREMVERKLPNAEIMAIAHEAAREALERAGVEISPEARARNDRLIALAREYAEAEGGSGGSWSHPQFEK,ATGGGCGCCGCGCGTGAAGAAGAATTTCGCCGTATTACCGCGGAAGCACTGGCAGATCCGGCGGTGCGTGAAGCGGTGGAACGCGCCGGCGCGCGTTATGGCGTGAGCCTGGAAGAAATTGTAGAAGCGCAGCTGCGCCCTCTGGAAGAACTGACCGAACGCGAACGCCTGGCGATGGCGTATGCCATGTTTGCAATGGCGGCCGCAATTCTGGGCGCGACCCCGGAAGAAGTGGAACGCGTTCGTGATGAACTGGAACCGCTGGCCCGTGAAATGGTTGAACGCAAACTGCCGAACGCAGAAATTATGGCGATTGCGCATGAAGCAGCCCGTGAAGCCCTGGAACGTGCTGGCGTGGAAATTTCACCGGAAGCACGTGCCCGTAACGATCGCCTGATTGCGCTGGCCCGCGAATACGCAGAAGCGGAAGGCGGTAGCGGCGGTAGCTGGAGCCATCCGCAATTTGAAAAATAA,36.0,0.02
22,4.89,15673.65,MGGPTEAAVRDHAEAMVRVFAAGGPPPPPEEREEILAELVPLMREMFEAIRDRDAEALRRIFREARAVFEDPRFRRWVNPIDEAEWERLAETFTAALEAGDADAAVALLAPFLSPEARAELRRLAHAGGSGGSWSHPQFEK,ATGGGCGGCCCCACCGAAGCAGCGGTTCGTGATCATGCGGAAGCGATGGTGCGTGTGTTTGCAGCCGGCGGCCCGCCGCCGCCGCCGGAAGAACGCGAAGAAATTTTGGCAGAACTGGTTCCGTTAATGCGTGAAATGTTTGAAGCCATCCGTGATCGTGATGCCGAAGCGCTGCGTCGCATCTTTCGCGAAGCCCGTGCGGTTTTTGAGGATCCGCGTTTTCGTCGCTGGGTTAATCCGATTGATGAAGCGGAATGGGAACGTCTGGCGGAAACCTTTACGGCGGCCCTGGAAGCAGGCGATGCGGATGCCGCGGTGGCGCTGCTGGCCCCGTTTCTGTCACCTGAAGCGCGCGCGGAACTGCGCCGTCTGGCACATGCCGGCGGCAGCGGCGGCAGCTGGAGCCATCCGCAGTTTGAAAAATAA,35.0,0.0
24,4.77,17551.66,MGGRAREEAEKVMGREAFDRALALMRERLRAEGHPAADTPLDELIAGVEAGDEEKAAAFLDYMRRMSEAMFELGLTEEDFELTEMAMDRAEAEPETDRASLYMAEAHARAFLEMAEAGRLDPETRERVREMAKRIEAAIARGRGGSGGSWSHPQFEK,ATGGGCGGCCGCGCCCGCGAAGAAGCGGAAAAAGTGATGGGCCGTGAAGCGTTTGATCGTGCGCTGGCGCTGATGCGTGAACGTCTGCGTGCAGAAGGCCACCCGGCCGCCGATACCCCGCTGGATGAACTGATTGCCGGCGTGGAAGCCGGCGACGAAGAAAAAGCCGCGGCGTTTCTGGATTATATGCGCCGTATGAGCGAAGCGATGTTTGAACTGGGTCTGACCGAAGAAGATTTTGAACTGACCGAAATGGCGATGGATCGTGCGGAAGCGGAACCGGAAACCGATCGCGCGAGCCTGTATATGGCGGAAGCGCACGCGCGTGCATTTCTGGAAATGGCCGAAGCCGGCCGTCTGGATCCGGAAACCCGTGAACGTGTCCGCGAAATGGCAAAACGTATTGAAGCGGCGATTGCGCGCGGCCGTGGCGGTAGCGGCGGCAGCTGGTCGCATCCGCAGTTTGAAAAATAA,51.0,0.0
26,4.71,16866.05,MGDEVGRALARALGGPEENADPEVAAEVAERLGLATREEGMALFARPDRVLNREEVRTFARMMVAMSAVMAGLSLEEQREVIERVEADIEEMAREEMTAAEVMGRAHAAAVRALREMGVVSDEGAERAIALMREVEAAARAAAGGSGGSWSHPQFEK,ATGGGCGATGAAGTTGGCCGCGCGCTGGCCCGCGCGCTGGGAGGTCCGGAAGAAAATGCGGACCCGGAAGTGGCAGCGGAAGTTGCCGAGCGCTTAGGCCTGGCAACCCGTGAAGAAGGCATGGCACTGTTTGCCCGTCCGGATCGCGTTCTCAATCGTGAAGAAGTTCGTACCTTTGCGCGCATGATGGTGGCCATGTCTGCCGTGATGGCGGGCCTGTCTCTGGAAGAACAGCGCGAAGTGATTGAACGCGTGGAAGCGGATATTGAAGAAATGGCGCGTGAAGAAATGACCGCGGCGGAAGTGATGGGCCGTGCGCATGCAGCAGCGGTGCGCGCGCTGCGTGAAATGGGTGTGGTTAGCGATGAAGGTGCCGAACGCGCCATCGCGCTGATGCGTGAAGTGGAAGCGGCCGCCCGTGCGGCGGCGGGCGGCAGCGGTGGTTCATGGAGCCATCCGCAGTTCGAAAAATAA,39.0,0.02
28,5.01,17729.34,MGDELLERFRALMPAGVLRGTLEEGFAAVAEELGIPAEEYRRRHFVERRPMNEEEIRAFARAMARMTTRGMGVPEERADEIAERVADEMVKEAPSDWLPLEQMPLAHALAVREMAEMGLLPREQAERIVAAMEELVEALKKRLGGSGGSWSHPQFEK,ATGGGCGATGAACTGCTGGAACGTTTTCGTGCGCTGATGCCGGCGGGTGTTCTGCGTGGCACCCTGGAAGAAGGCTTTGCCGCGGTGGCGGAAGAACTGGGCATTCCGGCGGAAGAATATCGCCGCCGTCATTTCGTGGAACGCCGCCCGATGAACGAAGAAGAAATTCGTGCCTTTGCCCGCGCGATGGCGCGCATGACCACCCGTGGCATGGGCGTGCCGGAAGAACGTGCAGATGAAATTGCGGAACGCGTTGCCGATGAAATGGTGAAAGAAGCCCCGAGCGATTGGCTGCCGCTGGAACAGATGCCGCTGGCGCACGCACTGGCAGTGCGTGAAATGGCCGAAATGGGCCTGCTGCCGCGCGAACAGGCGGAACGTATTGTGGCCGCGATGGAAGAACTGGTAGAAGCGCTGAAAAAACGTCTGGGCGGCAGTGGTGGCAGCTGGAGCCATCCGCAGTTTGAAAAATAA,33.0,0.0
30,5.01,17079.42,MGSAAARRAFEEAAKEFGLPSAEEAIARAARLVGMSPERVLELLERPAREVPEEEFRRFAEGMARMAGELFGLPEEVVEAAVPRAVAGAERMREAGAPVRAVMLEVHAAVLEHAREAGVPLTPEQEALMERYRAEVERMLAEAGGSGGSWSHPQFEK,ATGGGCTCCGCGGCGGCGCGTCGTGCGTTTGAAGAAGCGGCAAAAGAATTTGGCCTTCCGAGTGCGGAAGAAGCCATTGCCCGCGCCGCCCGCCTGGTGGGCATGAGCCCGGAACGCGTACTGGAACTGCTGGAACGCCCGGCGCGTGAAGTTCCGGAAGAAGAATTTCGCCGCTTTGCGGAAGGCATGGCGCGCATGGCGGGCGAACTGTTTGGCCTGCCGGAAGAAGTGGTTGAAGCGGCCGTGCCGCGCGCGGTTGCCGGCGCAGAACGCATGCGCGAAGCGGGCGCACCGGTACGTGCGGTGATGCTTGAAGTTCATGCGGCAGTTCTGGAACACGCGCGTGAAGCGGGCGTGCCGTTGACCCCGGAACAGGAAGCGCTGATGGAACGCTATCGTGCGGAAGTAGAACGCATGCTGGCGGAAGCGGGCGGATCTGGTGGTTCTTGGAGCCATCCGCAGTTTGAAAAATAA,38.0,0.0
32,4.95,17258.58,MGMARGVEIYKEAGIVRDEADVRAGAERAAEWMGISPERFYELYEEADRTGDPAKLREFGRAMLYMAAAIMGLTREEAERVAEAARPVVDAAVDAGANTEELMMVAHMAAARVAAEMGLIRPEQAEVLVRAFEERLREIRARAGGSGGSWSHPQFEK,ATGGGTATGGCGCGCGGCGTAGAAATTTATAAAGAAGCCGGCATTGTGCGTGATGAAGCCGATGTGCGCGCAGGTGCCGAACGTGCAGCGGAATGGATGGGCATTAGCCCGGAACGCTTTTATGAACTGTATGAAGAAGCCGATCGTACCGGCGATCCGGCCAAACTGCGTGAATTTGGTCGCGCGATGCTGTACATGGCCGCGGCGATTATGGGCCTGACCCGTGAAGAAGCGGAACGCGTAGCGGAAGCCGCGCGTCCGGTGGTGGATGCGGCGGTCGATGCAGGCGCGAACACCGAAGAATTAATGATGGTGGCGCATATGGCGGCGGCCCGTGTGGCCGCGGAAATGGGCCTGATTCGTCCGGAACAGGCAGAAGTGCTGGTTCGCGCCTTTGAAGAACGTCTGCGTGAAATTCGCGCGCGCGCGGGCGGTAGCGGCGGCAGCTGGTCTCACCCGCAGTTTGAAAAATAA,47.0,0.0
34,4.71,17287.43,MGMTPMQRVLAKIGVSEDEIDVERVFEMAAELVGKSVEEVRAAVAKPWRERTPEERRAVATFMLVMSAEIIGAPEEVAREVAREGADEVVERTGPDGTDLEFMKIAHETAARRLAERYPEYAERAAKLAEAVREVADEEEAAAGGSGGSWSHPQFEK,ATGGGCATGACCCCGATGCAACGCGTGCTGGCCAAAATTGGCGTGAGCGAAGATGAAATTGATGTGGAACGTGTTTTTGAAATGGCGGCCGAACTGGTTGGCAAATCAGTGGAAGAAGTGCGCGCGGCGGTGGCGAAACCGTGGCGTGAACGCACCCCGGAAGAACGTCGCGCGGTGGCGACCTTTATGCTGGTGATGAGCGCAGAAATTATTGGTGCCCCTGAAGAAGTGGCGCGCGAAGTGGCGCGCGAAGGCGCCGATGAAGTTGTGGAACGTACCGGCCCGGATGGTACCGATCTGGAGTTTATGAAAATTGCGCATGAAACCGCGGCCCGCCGCCTGGCGGAACGTTACCCGGAATACGCCGAACGCGCCGCCAAACTGGCCGAAGCGGTGCGTGAAGTGGCGGATGAAGAAGAAGCGGCGGCGGGCGGCAGCGGCGGTAGCTGGAGCCACCCGCAGTTTGAAAAATAA,51.0,0.0
36,4.99,17175.58,MGEALRRRVLEEAGLDPAFADPAYAREVFRAMGHPDADRVVELAERPEAEMTEEEARSFMTAMVGMAARMLGLPEEEVRRVVERARPYAEELASKIKTAAEAMGAAHRLAGLVMEEMGLPEAERALRLGELVERAAREIIAAAGGSGGSWSHPQFEK,ATGGGCGAAGCGCTGCGCCGCCGCGTGCTGGAAGAAGCTGGCCTGGATCCGGCGTTTGCGGATCCGGCCTACGCGCGTGAAGTGTTTCGTGCGATGGGCCACCCCGATGCGGATCGTGTTGTAGAACTGGCAGAACGCCCGGAAGCCGAAATGACGGAAGAAGAAGCGCGTAGCTTTATGACCGCGATGGTTGGTATGGCAGCCCGCATGCTGGGCCTGCCGGAAGAAGAAGTTCGTCGTGTGGTTGAACGTGCGCGTCCGTATGCGGAAGAACTGGCCAGCAAAATTAAAACTGCAGCGGAAGCCATGGGCGCGGCACATCGCTTAGCGGGCCTGGTGATGGAAGAAATGGGCCTGCCGGAAGCAGAACGCGCACTGCGTCTGGGCGAACTGGTTGAACGCGCCGCACGCGAAATTATTGCCGCGGCAGGTGGCTCTGGTGGCTCATGGTCACACCCGCAGTTTGAAAAATAA,47.0,0.0
38,4.94,17120.69,MGDPARREAFEVFGVEDPERAEEEGMRLAAEKLGLPLEELRRIMGRPVTELTPEEKRAFAYAMAMMAGVMLGLPPEAAIEAAEEVAPKAIEAALAGKSTEVVMMIAHAGVARYAMEKGLVDKEKAEKVIEFFEKKRKEAEAAEGGSGGSWSHPQFEK,ATGGGCGACCCGGCGCGCCGTGAAGCGTTTGAAGTGTTCGGTGTGGAAGATCCGGAACGCGCGGAAGAAGAAGGCATGCGCCTGGCGGCGGAAAAACTGGGCCTGCCGCTGGAAGAACTGCGCCGCATTATGGGCCGCCCGGTGACCGAACTGACCCCGGAAGAAAAACGCGCGTTTGCGTATGCGATGGCGATGATGGCCGGCGTGATGCTGGGCCTGCCGCCGGAAGCGGCCATTGAAGCCGCCGAAGAAGTGGCGCCGAAAGCGATTGAAGCGGCACTGGCGGGCAAATCGACGGAAGTGGTGATGATGATTGCCCATGCGGGCGTGGCGCGCTATGCGATGGAAAAAGGCCTGGTGGACAAAGAAAAAGCGGAAAAAGTGATTGAATTCTTTGAAAAAAAACGCAAAGAAGCGGAAGCGGCGGAAGGCGGCAGCGGTGGCAGCTGGAGCCATCCGCAGTTTGAAAAATAA,41.0,0.0
40,5.18,25396.85,MGSPAEALARLEEVAAVFRDALREGRPPEEAAARVLAAFPDLVSPLAAKAAVLAYEAGVEAGMSPEAAAAVAEAELAGFSGLDRGVDLDAAAYMMMRGAYEAYKLGATVEQIIEAHTRANRYYLRERYAKKYGVTDEQMERAARATMRVMAEAAKLIAEWEAGKMSEEEARERIERVAREAKKEVREALKDHPEAAEFAIRLIDMHVRGAHMLMDELAAGGSGGSWSHPQFEK,ATGGGCAGCCCGGCCGAAGCGCTGGCACGTCTGGAGGAAGTTGCAGCCGTGTTTCGCGATGCGCTGCGCGAAGGTCGCCCGCCGGAAGAAGCGGCGGCCCGTGTGCTGGCGGCGTTTCCGGATCTGGTTAGCCCTTTAGCGGCCAAAGCGGCCGTGCTGGCGTATGAAGCAGGCGTGGAAGCGGGTATGAGCCCGGAAGCCGCGGCGGCAGTGGCGGAAGCCGAACTGGCCGGTTTTAGCGGCCTGGATCGCGGCGTGGATCTGGATGCGGCGGCCTACATGATGATGCGCGGCGCGTATGAAGCCTATAAACTGGGAGCGACCGTGGAACAGATTATTGAAGCGCATACGCGTGCCAATCGTTATTATCTGCGCGAACGTTATGCGAAAAAATATGGCGTGACCGATGAACAGATGGAACGCGCGGCGCGCGCGACGATGCGCGTTATGGCGGAAGCCGCGAAATTAATTGCAGAATGGGAAGCGGGCAAAATGAGCGAAGAAGAAGCCCGCGAACGCATTGAACGCGTGGCGCGCGAAGCGAAAAAAGAAGTTCGCGAAGCCCTGAAAGATCACCCGGAAGCGGCCGAATTCGCGATTCGCCTGATTGATATGCATGTGCGTGGCGCCCACATGCTGATGGATGAACTGGCAGCGGGCGGAAGTGGCGGTAGCTGGTCACATCCGCAGTTTGAAAAATAA ,38.0,0.0
42,4.93,17392.57,MGDPLAEEIMRRHGVDVTPEEIEEGIEAAAEAVGMPPEELRRTLRKPGSELTREERYKAVLAMAYMAARLAGLPDEEARRVMERAEPVAEEAAERGLDGTELMAVAHEAAAEILKELRPEAAPFAERLARAAREYAEEKKRREGGSGGSWSHPQFEK,ATGGGTGATCCGCTGGCGGAAGAAATTATGCGTCGTCATGGTGTTGATGTGACCCCGGAAGAGATTGAAGAAGGCATTGAAGCCGCCGCGGAAGCAGTGGGGATGCCGCCGGAAGAACTGCGTCGCACGCTGCGTAAACCGGGCAGCGAACTGACTCGTGAAGAACGTTATAAAGCGGTGTTAGCAATGGCCTATATGGCGGCCCGTCTGGCCGGTCTGCCGGATGAAGAAGCGCGTCGCGTCATGGAACGTGCGGAACCGGTTGCCGAGGAAGCGGCAGAGCGCGGCCTGGATGGCACAGAACTGATGGCGGTAGCGCATGAAGCCGCGGCAGAAATTCTGAAAGAACTGCGCCCGGAAGCGGCACCGTTTGCCGAACGTCTGGCGCGCGCGGCGCGCGAATATGCGGAAGAAAAAAAACGTCGTGAAGGCGGCAGCGGCGGTAGCTGGAGCCACCCGCAGTTTGAAAAATAA,32.0,0.0
44,5.16,17257.56,MGKRMEEGLKEMGAAAGVEKTLEEGIDGVAELAGIPREEARRYIELYDRDAPPEDKRKFGRTMLYMAGVVAGEPPEVIRRAAEAGRPAVDEAVDAGTSAPRLMGIAHSVAYEELMRLRPERAEVYQRMRDIAVERSKELEAALGGSGGSWSHPQFEK,ATGGGCAAACGCATGGAAGAAGGCCTGAAAGAAATGGGTGCGGCGGCCGGCGTGGAAAAAACCCTGGAAGAAGGCATTGATGGCGTGGCCGAACTGGCCGGCATTCCGCGTGAAGAAGCGCGCCGCTATATTGAACTGTATGATCGCGATGCGCCGCCGGAAGATAAACGTAAATTTGGTCGCACAATGCTGTACATGGCGGGCGTGGTGGCGGGCGAACCGCCGGAAGTGATTCGCCGTGCCGCCGAAGCGGGCCGCCCGGCCGTGGATGAAGCGGTGGATGCGGGTACGAGCGCACCGCGCCTGATGGGTATTGCCCATAGCGTTGCGTATGAAGAATTAATGCGTCTGCGTCCGGAACGTGCCGAAGTGTATCAGCGCATGCGTGATATTGCCGTGGAACGCTCAAAAGAACTGGAAGCGGCGCTGGGCGGCAGCGGCGGCAGCTGGAGCCATCCGCAGTTTGAAAAATAA,51.0,0.0
46,4.86,17561.96,MGDELLERGAEIGEKVFEAVPIEEIAEKLGMSPEEVRRIMDEFLRTPYEELKPETKEKFKEIMKEMTRGLLDKGRWDLAMEAAEVATEAAVAFGATDPKYVVMAEAHTEAVIEGGEEGKVPAEVTERARELLARVREARRRLAGGSGGSWSHPQFEK,ATGGGCGATGAACTGCTGGAACGCGGTGCCGAAATTGGCGAAAAAGTGTTTGAAGCCGTGCCGATTGAAGAAATTGCCGAAAAACTGGGCATGAGCCCGGAAGAAGTGCGTCGCATTATGGATGAATTTCTGCGTACCCCGTATGAAGAACTGAAACCGGAAACCAAAGAAAAATTTAAAGAAATTATGAAAGAAATGACGCGCGGCCTGCTGGATAAAGGCCGCTGGGATCTGGCCATGGAAGCGGCCGAAGTGGCGACCGAAGCGGCGGTGGCGTTTGGCGCCACGGATCCGAAATATGTGGTGATGGCCGAAGCGCATACCGAAGCGGTGATTGAAGGCGGCGAAGAAGGCAAAGTGCCGGCGGAAGTGACGGAACGCGCGCGCGAACTGCTGGCGCGTGTGCGCGAAGCGCGCCGCCGCCTGGCCGGCGGCTCAGGCGGCTCATGGAGCCATCCGCAGTTTGAAAAATAA,46.0,0.0
48,5.06,25237.42,MGRLTPEELRAAREAIAAVVPPLALVDDVRRPEERVEELRERGYERYAEAIRRAGEIVEEAGGKRGAGISAGIVVTEAFMIMEEEGNPLLGAAFMVIGPVVLYLAGLSLEAIWKVLDAIGEAEVEYLVEKGHPIPREKIEKAFKYAMLTMVVAALVVLVAAALKLPRGLAVAVLDALFVLFTLYAYVGLGGDKEAFEFAARLIELHRDGAIRILEVLNGGGSGGSWSHPQFEK,ATGGGTCGCCTGACCCCGGAAGAACTGCGTGCGGCGCGCGAAGCGATTGCGGCGGTGGTGCCGCCGCTGGCCCTGGTGGATGATGTGCGCCGCCCGGAAGAACGCGTGGAAGAACTGCGCGAACGTGGCTATGAACGCTATGCGGAAGCAATTCGTCGCGCGGGTGAAATTGTCGAAGAAGCGGGCGGCAAACGCGGCGCCGGCATTAGCGCAGGCATTGTGGTGACCGAAGCGTTTATGATTATGGAAGAGGAGGGCAACCCGCTGCTGGGCGCAGCCTTTATGGTGATTGGCCCGGTTGTGCTGTATCTGGCGGGCCTGAGCCTGGAAGCGATTTGGAAAGTGCTGGATGCGATTGGCGAGGCCGAAGTGGAATACCTGGTGGAAAAAGGCCATCCGATTCCGCGCGAAAAAATTGAAAAAGCATTTAAATATGCGATGCTGACCATGGTGGTGGCCGCACTGGTGGTGCTGGTTGCAGCCGCGCTGAAACTGCCGCGCGGCCTGGCAGTGGCGGTGCTGGATGCGCTGTTTGTGCTGTTTACCCTGTATGCGTATGTGGGCCTGGGCGGCGATAAAGAAGCATTTGAATTTGCAGCACGTCTGATTGAACTGCATCGTGATGGCGCGATTCGCATTCTGGAAGTGCTGAACGGCGGCGGCAGCGGCGGCTCGTGGAGCCATCCGCAGTTCGAAAAATAA,45.0,0.0
50,4.8,17538.88,MGDEVRERVAAAYGVPLETLDPERAAERISRWLGIPVEEVKRIMETDVAELTPEEARAWARGMVIMAGEMLGLSEEQIEEIYERHRAEFEEAIARGMSREEMMLFVHTAVVRDAAEMGAISREKADRLVAALREVQALREAAAGGSGGSWSHPQFEK,ATGGGTGATGAAGTGCGTGAACGCGTGGCGGCGGCCTATGGCGTGCCGCTGGAAACCCTGGATCCGGAACGTGCGGCGGAACGCATTAGCCGTTGGCTGGGTATTCCGGTGGAAGAAGTGAAACGTATTATGGAAACCGATGTGGCGGAACTGACCCCGGAAGAAGCCCGCGCGTGGGCGCGCGGCATGGTGATTATGGCGGGCGAAATGCTGGGCCTGAGCGAAGAGCAGATTGAAGAAATTTATGAACGCCATCGCGCCGAATTTGAAGAAGCCATTGCGCGTGGCATGAGCCGCGAAGAAATGATGCTGTTTGTTCATACCGCCGTGGTTCGTGATGCCGCGGAAATGGGCGCGATTAGTCGCGAGAAAGCGGATCGCCTGGTGGCGGCCCTGCGTGAAGTGCAGGCACTGCGCGAAGCGGCGGCGGGCGGTAGCGGCGGCAGCTGGAGCCATCCGCAGTTTGAAAAATAA,38.0,0.0
52,4.95,17409.51,MGDAFLAEFRREADRVIARAPDPEMRARAREARDRIEALIREAGAENLDRLTREEVREFGEAMMTMKAAELGLTPEEAEEVIARVRPDIDEAAERGLSALEMMGVAHASVARAAGELRGWPEEEIERMVQAERERAARGVAAHGGSGGSWSHPQFEK,ATGGGCGATGCCTTTCTGGCAGAATTCCGTCGTGAAGCGGATCGCGTGATTGCGCGCGCCCCGGACCCGGAAATGCGTGCTCGTGCGCGTGAAGCCCGTGATCGTATTGAAGCCCTGATTCGCGAAGCCGGCGCTGAGAATCTGGATCGTCTGACGCGCGAAGAAGTTCGCGAATTCGGAGAAGCCATGATGACCATGAAAGCAGCCGAACTGGGCTTAACCCCGGAAGAAGCCGAAGAAGTTATTGCGCGCGTTCGCCCGGATATTGATGAGGCCGCGGAACGTGGCCTTTCAGCCCTGGAAATGATGGGCGTAGCGCATGCCTCAGTGGCCCGTGCGGCGGGTGAACTGCGCGGCTGGCCGGAAGAAGAAATTGAACGCATGGTTCAGGCCGAACGTGAACGCGCTGCCCGCGGCGTGGCTGCTCATGGCGGTAGCGGTGGTAGCTGGAGCCACCCGCAGTTCGAAAAATAA,27.0,0.0
54,4.68,17527.57,MGDETVRELLKMIFGFETEEEAREARREAARAEGISDERAERIFGTDLKDLDDEEVDDFARAMAVMDAMAFGMPPEHVERMEREAVEAVREAKAEGANREVAMMVIHERNMEVARDAGVAPAEVLDRAIAAYRRLAEEARAKAGGSGGSWSHPQFEK,ATGGGCGATGAAACCGTGCGCGAACTGCTGAAAATGATTTTTGGTTTTGAAACCGAAGAAGAAGCGCGCGAAGCGCGCCGCGAAGCGGCGCGCGCGGAAGGCATTAGCGATGAGCGCGCGGAACGTATTTTTGGCACCGATCTGAAAGATCTGGATGATGAAGAAGTTGACGATTTTGCACGCGCGATGGCGGTGATGGATGCGATGGCCTTTGGCATGCCGCCGGAACATGTGGAACGCATGGAACGTGAAGCGGTGGAAGCGGTGCGCGAAGCCAAAGCAGAAGGTGCCAACCGCGAAGTGGCGATGATGGTGATTCATGAACGCAACATGGAAGTGGCGCGTGATGCCGGCGTTGCGCCGGCGGAAGTGCTGGATCGCGCGATTGCGGCGTATCGTCGCCTGGCGGAAGAAGCCCGCGCGAAAGCCGGCGGCTCAGGTGGCAGCTGGAGCCATCCGCAGTTTGAAAAATAA,46.0,0.0
56,4.87,17383.62,MGMTLEEQAQAIADEAMRPENMERLFERIGELLGKPAEEVRETFDRYFRDGDRSVAREFLEQMVYMSGLIAGLSPEEIERALAASEARIAEAADARLNGRRAMGVAHGAVAEWLEADPRWRGRPEVLGIRILAERGLALGALEGGSGGSWSHPQFEK,ATGGGTATGACCCTGGAAGAACAGGCCCAGGCCATTGCGGATGAAGCCATGCGTCCGGAAAATATGGAACGTCTGTTCGAACGCATTGGCGAACTGCTGGGTAAACCGGCCGAAGAAGTGCGCGAAACCTTTGATCGTTATTTCCGTGATGGTGATCGTAGCGTGGCCCGTGAATTTCTGGAACAGATGGTGTATATGAGTGGCCTGATTGCGGGCCTGAGTCCGGAAGAAATTGAACGTGCCCTGGCGGCGAGCGAAGCGCGTATTGCGGAAGCCGCGGATGCCCGCCTGAATGGCCGTCGCGCCATGGGCGTGGCGCATGGTGCGGTTGCGGAATGGCTGGAAGCAGATCCGCGTTGGCGCGGTCGCCCTGAAGTGCTGGGCATTCGCATTCTGGCGGAACGCGGTCTGGCGCTGGGCGCGCTGGAAGGCGGTAGCGGTGGCTCGTGGAGCCATCCGCAGTTTGAAAAATAA,32.0,0.0
58,5.17,17960.51,MGDKYFKEFEEGLKKIGNPITVEEGYERAAAMMGMTVEEVREIERRAAETGDPEARRRFAEFMLPMAGVLAGATEEQIRRIVERLRPEVEEMVRRGMSGPELMFRTHELALEEAERLGVEGAREVLEIVKKLREKYEKELAEKGGSGGSWSHPQFEK,ATGGGCGATAAATACTTTAAAGAATTTGAAGAAGGCCTGAAAAAAATTGGCAACCCGATTACCGTTGAAGAAGGCTATGAACGCGCGGCCGCGATGATGGGCATGACCGTGGAAGAAGTGCGCGAAATTGAACGCCGCGCGGCCGAAACCGGCGATCCGGAAGCGCGTCGTCGCTTTGCGGAATTTATGCTGCCGATGGCGGGCGTGCTGGCGGGCGCGACGGAAGAACAGATTCGCCGTATCGTTGAACGTCTGCGCCCGGAAGTGGAAGAAATGGTGCGCCGCGGTATGAGCGGCCCGGAACTGATGTTTCGCACCCATGAACTGGCGCTGGAAGAAGCGGAACGTCTGGGTGTGGAAGGCGCCCGCGAAGTGCTGGAAATTGTGAAAAAACTGCGCGAAAAATACGAAAAAGAACTGGCGGAAAAAGGCGGCAGCGGCGGCAGCTGGAGCCATCCGCAGTTTGAAAAATAA,21.0,0.02
60,5.38,17740.05,MGDPREERIDKTFLEIFGDPELHERAFAYLRKNPKAAELSYIVVSGEVRIPTEEEYIEYGRAMAGMDFEALGWTPEQRERLLRAGEEVGRRAYELKLPYPALMAMVHEAAARLAEEFGNPRAGAFVAAARRIRERADELLARAGGSGGSWSHPQFEK,ATGGGCGATCCGCGCGAAGAACGTATTGATAAAACCTTTCTGGAAATTTTTGGCGATCCGGAACTGCACGAACGCGCCTTTGCCTATCTGCGCAAAAATCCGAAAGCCGCCGAACTGTCGTATATTGTGGTGAGCGGCGAAGTGCGCATTCCGACCGAAGAAGAATATATTGAATACGGCCGCGCGATGGCGGGTATGGATTTCGAAGCGCTGGGTTGGACCCCGGAACAGCGCGAACGTCTGCTGCGTGCGGGCGAAGAAGTCGGCCGTCGCGCCTACGAACTGAAACTGCCGTATCCGGCACTGATGGCGATGGTACACGAAGCAGCGGCGCGCCTGGCGGAAGAATTTGGCAATCCGCGCGCGGGCGCCTTTGTGGCGGCGGCGCGTCGCATTCGTGAACGCGCGGATGAACTGCTGGCGCGCGCGGGCGGTAGCGGCGGCAGCTGGAGCCATCCGCAGTTTGAAAAATAA,29.0,0.0
62,5.03,17339.6,MGEAERRLLDELLRELGLPRTAEEVFRRTAERAGMPLEEFWRLVGKPAEERTVEEAVEFMRAMAIMAAEIVGLDDEEAARVAEAAAPLGRAAGERGLSRFEQMGLAHRAVGEILEREGHPRAPLAREIGERVPELAREAERAAGGSGGSWSHPQFEK,ATGGGCGAAGCGGAACGTCGCCTGCTGGATGAACTGCTGCGCGAACTGGGTCTGCCGCGCACGGCGGAAGAAGTGTTTCGTCGCACCGCAGAACGCGCGGGCATGCCGCTGGAAGAATTCTGGCGTCTGGTGGGTAAACCGGCAGAAGAACGTACCGTGGAAGAAGCGGTGGAATTTATGCGCGCGATGGCGATTATGGCGGCGGAAATTGTGGGTCTGGATGATGAAGAAGCGGCGCGTGTTGCGGAAGCCGCGGCGCCGCTGGGTCGTGCCGCGGGCGAACGTGGCCTGTCACGCTTCGAACAGATGGGCCTGGCCCACCGCGCCGTTGGTGAAATTTTAGAACGTGAAGGTCATCCGCGTGCGCCGCTGGCGCGTGAAATCGGCGAACGTGTTCCGGAACTGGCGCGTGAAGCGGAACGCGCCGCAGGCGGCAGCGGTGGTAGCTGGTCACACCCGCAATTCGAAAAATAA,30.0,0.0
64,4.84,17177.29,MGDEFAREYAAVAGAASLEEARERAIARVERLLGIPRERVRHLFDTPDEERNEEERRQFFRAMVVMAAEILGLDEEQTREVLAATEDLVERAVAEGASAEALMAIAHAAVFRKAAELGAIPEEVAERGVALMERAARAAGYLPGGSGGSWSHPQFEK,ATGGGCGATGAATTTGCGCGCGAATATGCAGCGGTGGCCGGTGCGGCAAGCCTGGAAGAAGCGCGCGAACGCGCGATTGCCCGCGTTGAACGTCTGCTGGGCATTCCGCGTGAACGTGTTCGCCACCTGTTTGATACCCCTGATGAAGAACGTAATGAAGAAGAACGCCGTCAGTTTTTTCGCGCCATGGTGGTGATGGCGGCCGAAATTCTGGGCTTAGATGAAGAACAGACGCGCGAAGTTCTGGCAGCGACTGAAGATCTGGTTGAACGTGCCGTTGCGGAAGGCGCAAGCGCCGAAGCGCTGATGGCGATTGCGCATGCGGCAGTTTTTCGCAAAGCGGCAGAACTGGGCGCGATTCCGGAAGAAGTGGCAGAACGCGGTGTTGCGCTGATGGAACGCGCAGCCCGCGCGGCCGGCTACCTGCCGGGCGGTAGCGGCGGTAGCTGGAGCCATCCGCAATTTGAAAAATAA,43.0,0.0
66,4.87,17632.63,MGPRAREVAKRYMGEEAFEEAVRRARARLRARGHPAADLPLDELIAGVEAGDEERERLFREFMREMSEAMFEMGLLDEDIDLTEEAVERAEADPETDRASIAMAEAHARALRELAEAGRLDPERVARVRELAERAEAAVERGRGGSGGSWSHPQFEK,ATGGGCCCGCGTGCACGCGAAGTTGCCAAACGTTACATGGGCGAGGAAGCCTTTGAAGAAGCAGTGCGTCGCGCGCGCGCGCGTCTGCGCGCGCGCGGCCATCCGGCGGCCGATCTGCCGCTGGATGAACTGATTGCGGGTGTAGAAGCCGGTGATGAAGAACGCGAACGTCTGTTTCGTGAATTTATGCGCGAAATGAGTGAAGCAATGTTTGAAATGGGCCTGCTGGATGAAGATATTGATCTGACCGAAGAAGCCGTTGAACGTGCGGAGGCAGATCCGGAAACCGATCGTGCCTCAATTGCAATGGCGGAAGCGCACGCTCGCGCCCTGCGCGAACTGGCCGAAGCGGGCCGTCTGGATCCGGAACGTGTTGCGCGCGTGCGCGAACTGGCGGAACGCGCCGAAGCGGCGGTAGAACGTGGTCGCGGTGGCAGCGGCGGTAGCTGGAGCCATCCGCAGTTTGAAAAATAA,52.0,0.0
68,5.54,18008.5,MGDRRARTEALGAELAAHAPELPRYFERAAARRGMDPEVIWRLFRENRPIEDPEHRLILADAMAEMTLEALGISPEARRRVLERVRAELERLAREPMTARQIMMRAHTLPLEAAREEGVVDRERADLLIEFFEERLREVEAAAGGSGGSWSHPQFEK,ATGGGCGATCGCCGCGCGCGCACCGAAGCGCTTGGCGCTGAACTGGCAGCACATGCACCGGAACTGCCGCGCTATTTTGAACGTGCGGCGGCGCGTCGCGGCATGGATCCGGAAGTGATTTGGCGCCTGTTTCGCGAAAACCGCCCGATTGAAGATCCGGAACATCGCCTGATTCTGGCGGATGCGATGGCCGAGATGACCCTCGAAGCACTGGGCATTTCACCGGAAGCGCGCCGTCGTGTGCTGGAACGTGTGCGTGCGGAACTGGAACGCCTGGCCCGTGAACCGATGACTGCACGCCAGATCATGATGCGTGCACATACCTTACCGCTGGAAGCAGCGCGCGAAGAAGGCGTTGTGGATCGCGAACGCGCAGATCTGCTGATTGAATTTTTCGAAGAACGCCTGCGCGAAGTTGAAGCCGCGGCAGGTGGCTCTGGTGGCTCATGGTCACACCCGCAGTTTGAAAAATAA,54.0,0.0
70,4.75,16782.17,MGTPEEEEVVAAIREIAPEADVEAAFDAAAAAMGVTREELFAMLDQPVGSLPPERVDAFIDGMAEMSVLLVGADPEVGARARARAAERVRAEVRPEDHMWRVMAMVHRLVAEALREMGHPEAAKALAIAEVVERAAARMLAALGGSGGSWSHPQFEK,ATGGGCACCCCGGAAGAAGAAGAAGTTGTGGCGGCAATTCGTGAAATTGCCCCGGAAGCCGATGTGGAAGCAGCGTTCGATGCCGCAGCGGCGGCGATGGGCGTGACACGCGAAGAGTTATTTGCGATGCTTGATCAGCCGGTTGGTAGTCTGCCGCCGGAACGCGTTGATGCATTCATTGATGGCATGGCGGAAATGTCAGTTCTGTTGGTTGGTGCGGATCCGGAAGTAGGCGCGCGCGCGCGCGCCCGCGCGGCCGAACGCGTGCGTGCGGAAGTGCGCCCGGAAGATCACATGTGGCGCGTGATGGCGATGGTTCATCGCCTGGTGGCCGAAGCACTGCGTGAAATGGGCCATCCTGAAGCAGCGAAAGCGCTGGCGATTGCCGAAGTGGTGGAACGTGCAGCCGCGCGTATGCTGGCGGCGCTGGGTGGTAGCGGCGGTAGCTGGAGCCATCCGCAGTTTGAAAAATAA,59.0,0.0
72,5.46,16952.07,MGDPLLEPILKREGIDLTPAQIEAGVEAAAAAVGMSPEEFRAAAFRPASELTREQRRRFARAMHFMAAYVSGASPEVQRAVLERTAPAADEIADAGLDGPEMMAAAHRAAAEYLREIAPEHAERAEQLARAAEVYARELKRRGGGSGGSWSHPQFEK,ATGGGTGATCCGCTGCTGGAACCGATTCTGAAACGTGAAGGTATCGATTTGACCCCGGCGCAGATTGAAGCGGGCGTAGAAGCCGCCGCGGCCGCAGTGGGGATGTCACCGGAAGAATTTCGTGCGGCGGCGTTTCGCCCGGCCAGCGAACTGACTCGTGAACAGCGTCGACGCTTTGCGCGTGCAATGCACTTTATGGCGGCCTATGTGAGCGGTGCCAGCCCGGAAGTGCAGCGTGCCGTCCTGGAACGTACGGCACCGGCCGCCGATGAAATTGCAGATGCCGGCCTGGATGGCCCGGAAATGATGGCGGCCGCGCATCGCGCCGCGGCAGAATATCTGCGTGAAATTGCCCCGGAACATGCAGAACGCGCCGAACAGCTGGCGCGCGCGGCGGAAGTGTATGCGCGTGAACTGAAACGTCGTGGCGGCGGCAGCGGCGGTAGCTGGAGCCACCCGCAGTTTGAAAAATAA,31.0,0.02
74,4.94,17638.94,MGRRVVELMAEAAGVPLEEIDVERTRREIAEELGVPYELYDRVIATPWGEVSDEEREPFAEAMTRMAQKMLGLPPEFAERGFAEVRDAVREAARRGAHARWLMGVLHNAVVRLAMEAGAIDPEAARRLIEALEEVRREAERETGGSGGSWSHPQFEK,ATGGGCCGCCGTGTGGTGGAACTGATGGCGGAAGCCGCCGGTGTGCCGCTGGAAGAAATTGATGTGGAACGCACACGTCGCGAAATTGCGGAAGAATTAGGCGTGCCGTATGAACTGTATGATCGCGTGATTGCGACCCCGTGGGGCGAAGTGAGCGATGAAGAACGTGAACCGTTTGCGGAAGCAATGACCCGTATGGCCCAGAAAATGCTGGGTCTGCCGCCGGAATTTGCGGAACGCGGCTTTGCAGAAGTGCGCGATGCGGTGCGCGAAGCGGCGCGTCGTGGCGCGCATGCGCGTTGGCTGATGGGTGTTCTGCATAACGCGGTTGTTCGCCTGGCAATGGAAGCCGGTGCCATTGATCCGGAAGCGGCGCGCCGTCTGATTGAAGCACTGGAAGAAGTTCGCCGCGAAGCCGAACGCGAAACCGGCGGCAGCGGCGGTAGCTGGAGCCACCCACAATTTGAAAAATAA,27.0,0.0
76,4.68,17105.25,MGNPVIETIDEETARLIEGSSNPAAREELRRLYEWLKELIERHLGQPMSSLPAEEQDRFAEDMVRMALVGAEAEDVVPEADRRAAVERVREAMLSGATMIEGMAVAHGAVAEALRRTGDPELAARADVLDELVAKARELAATLGGSGGSWSHPQFEK,ATGGGTAACCCGGTGATTGAAACCATTGACGAAGAAACCGCCCGCCTGATTGAAGGTTCATCAAATCCGGCCGCCCGTGAAGAACTGCGTCGCCTGTATGAATGGCTGAAAGAACTGATTGAACGTCATCTGGGCCAGCCGATGAGCAGTCTGCCTGCCGAAGAACAGGATCGCTTTGCCGAAGATATGGTGCGCATGGCGCTGGTGGGTGCCGAAGCGGAAGATGTGGTGCCGGAAGCGGATCGTCGTGCCGCAGTTGAACGCGTGCGTGAAGCGATGCTGAGCGGTGCCACGATGATTGAAGGCATGGCAGTGGCCCATGGCGCGGTGGCGGAAGCGCTGCGCCGTACCGGTGATCCGGAACTGGCGGCCCGTGCCGATGTGCTGGATGAACTGGTTGCAAAAGCGCGCGAACTGGCGGCGACCCTGGGCGGTAGCGGCGGCAGCTGGAGCCATCCGCAATTTGAAAAATAA,39.0,0.0
78,4.84,25857.97,MGEERERFRRRVEELRERGRELAARQSLDEITDEFVDRLVELGDYTAAVGARGQMEAARRAGAPDALAIAAGLGILESAEARARGEPPEEVYLWMLVAGYFVREAGVTREALLEGLRRAARELAERYPENPFADHVDLAAEGLTVAMEAMMRAAELVERLIDGEISPEEAIEEARRLKREVEEYADRLAEEAPEVGEAIRRAGRAHTEGAVIFAERLAKGGSGGSWSHPQFEK,ATGGGCGAAGAACGTGAACGCTTCCGCCGTCGTGTGGAAGAACTGCGTGAACGTGGCCGTGAACTTGCGGCGCGCCAGAGCCTGGATGAAATTACCGATGAATTTGTTGATCGCCTGGTTGAACTGGGTGATTATACTGCGGCAGTTGGCGCGCGCGGTCAGATGGAAGCGGCCCGCCGTGCGGGCGCGCCGGATGCGCTGGCCATTGCCGCGGGCTTAGGCATTCTGGAATCAGCCGAAGCACGCGCCCGTGGCGAACCCCCGGAAGAAGTGTATCTGTGGATGCTGGTGGCGGGCTATTTTGTGCGCGAAGCCGGTGTGACCCGTGAAGCGTTACTGGAAGGCCTGCGTCGCGCCGCCCGCGAACTGGCGGAACGTTATCCGGAAAACCCGTTCGCCGATCATGTTGATCTGGCAGCCGAAGGCCTGACCGTTGCGATGGAAGCGATGATGCGTGCGGCCGAACTGGTGGAACGCCTGATTGATGGCGAAATTTCCCCGGAAGAAGCGATTGAAGAAGCGCGCCGCCTGAAACGTGAAGTGGAAGAATATGCGGATCGTCTGGCCGAAGAAGCCCCGGAAGTGGGTGAAGCGATTCGTCGTGCAGGCCGTGCGCATACCGAAGGTGCCGTGATTTTTGCGGAACGTCTGGCGAAAGGTGGTAGCGGTGGCAGCTGGTCCCATCCGCAGTTTGAAAAATAA,41.0,-0.02
80,5.35,25640.77,MGDVRAAIERLLEVWRIVEEGVLAGKPIEEAFREAEERYPEILSPLAREVGKLVFEAALEEGMSPRAAAALAAAEMAPIGARENGVDWRAAIFVMMYGAVRAIELGATEEQILKAQVKGDTYYIQKELAPKYGITPEQARAMAEAVMAPMFVGAELIVRYKKGEITWGEAVATILAVAVEALKRVDEALKDHPEAAEIARRWVLFHVIGFFILAKYLKKGGSGGSWSHPQFEK,ATGGGTGATGTTCGCGCGGCGATTGAACGCCTGCTGGAAGTGTGGCGTATTGTGGAAGAAGGCGTTCTGGCGGGCAAACCGATCGAAGAAGCGTTTCGCGAAGCGGAAGAACGCTATCCGGAAATTCTGAGCCCGCTGGCACGCGAAGTCGGCAAACTGGTGTTTGAAGCGGCGCTGGAAGAAGGCATGAGCCCGCGTGCCGCGGCGGCGCTGGCGGCGGCGGAAATGGCCCCGATTGGCGCGCGTGAAAATGGCGTGGATTGGCGTGCGGCCATTTTTGTGATGATGTATGGCGCGGTGCGCGCCATTGAACTGGGCGCGACCGAAGAACAGATTCTGAAAGCCCAGGTTAAAGGCGACACCTATTACATCCAGAAAGAACTGGCCCCGAAATACGGCATTACCCCGGAACAGGCGCGCGCGATGGCCGAAGCCGTGATGGCACCGATGTTTGTGGGCGCAGAACTGATTGTGCGCTATAAAAAAGGCGAAATTACCTGGGGCGAAGCGGTGGCGACCATTCTGGCCGTCGCCGTGGAAGCCCTGAAACGTGTGGATGAAGCCCTGAAAGATCATCCGGAAGCGGCGGAAATTGCCCGCCGCTGGGTGCTGTTCCACGTGATTGGCTTCTTCATTCTGGCCAAATACCTGAAAAAAGGCGGCAGCGGCGGTAGCTGGAGCCATCCGCAGTTTGAAAAATGA,33.0,0.0
82,5.02,17508.81,MGMTLDELEAEARRLMDAAVPREERYRRTAERAGVPEEYVRALSETRDEPIAPEERDEFARVMAHMELAILGLPPEVGEEVAARAREAGLRAGEEVGTKRAMMFAIHAAALREAEERGIPTRIDLREVRDVMEAAIEALRARVGGSGGSWSHPQFEK,ATGGGTATGACCCTCGACGAACTGGAAGCGGAAGCCCGTCGCCTGATGGATGCGGCTGTGCCTCGTGAAGAACGTTATCGCCGTACCGCAGAACGTGCGGGTGTGCCGGAAGAGTATGTACGTGCGCTGTCGGAAACCCGTGATGAACCGATTGCACCGGAAGAACGTGATGAATTTGCCCGTGTGATGGCGCATATGGAACTGGCCATTCTGGGCTTACCGCCGGAAGTGGGCGAAGAAGTGGCGGCCCGCGCGCGCGAAGCGGGGCTGCGTGCGGGCGAAGAAGTTGGCACCAAACGCGCGATGATGTTCGCGATTCATGCCGCCGCGCTGCGTGAAGCGGAAGAACGTGGCATCCCGACCCGTATTGATTTACGTGAAGTTCGCGATGTGATGGAGGCCGCCATTGAAGCGCTGCGTGCACGCGTCGGCGGCTCTGGCGGCAGCTGGAGCCACCCGCAATTTGAAAAATAA,43.0,0.0
84,4.81,18021.55,MGEERLRELTRRYLELAMKYPFEEIVERVARYMGMTKEEVLEIFEKAIKEGNPEYVREFGRIMVYMAAFGLGAPEEFADRLDEVGVEIAEEAIREGKSARVVMTRVHRAVTEAALEAGLIPREEADRIVAILEEIEREIERLDGGSGGSWSHPQFEK,ATGGGCGAAGAACGCCTGCGTGAACTGACCCGTCGCTATCTGGAACTGGCGATGAAATATCCGTTTGAAGAAATTGTGGAACGTGTTGCGCGTTATATGGGCATGACCAAAGAAGAAGTGCTGGAAATTTTTGAAAAAGCCATTAAAGAAGGCAATCCGGAATACGTTCGCGAATTTGGCCGCATCATGGTGTACATGGCGGCCTTCGGCCTGGGCGCCCCGGAAGAATTCGCGGATCGCCTGGATGAAGTGGGCGTGGAAATTGCGGAAGAAGCCATTCGTGAAGGCAAAAGCGCGCGCGTGGTGATGACCCGCGTGCATCGCGCCGTGACCGAAGCGGCACTGGAAGCGGGTCTGATTCCGCGCGAAGAGGCGGATCGCATTGTGGCGATCCTGGAAGAAATTGAACGCGAAATTGAACGCCTGGATGGCGGCAGCGGCGGCAGCTGGAGCCATCCGCAGTTCGAAAAATAA,44.0,0.0
86,4.81,16839.19,MGMFDAEAAAEILGVPAERLAEERLRELAAETLGLPPEMTLEEQAIEAGRRMAAGDPAAIRGMLRMAARMLGLSPEQAEAAVERSVDAVQAAADAGADPMEMMVVAHAEVARRAAELGAITREQADRFIAFLREQRDRLVARLGGSGGSWSHPQFEK,ATGGGCATGTTTGATGCAGAAGCCGCCGCCGAAATTCTGGGTGTGCCGGCGGAACGCCTGGCAGAAGAACGTCTGCGCGAACTGGCGGCGGAAACCCTGGGTCTGCCGCCGGAAATGACCCTGGAAGAACAGGCCATTGAAGCGGGCCGTCGCATGGCAGCGGGTGATCCGGCAGCGATTCGCGGCATGCTGCGTATGGCGGCGCGTATGCTGGGCCTGTCACCTGAGCAGGCAGAAGCGGCTGTAGAACGCAGCGTTGATGCCGTTCAGGCGGCCGCCGATGCGGGTGCGGATCCGATGGAAATGATGGTGGTGGCGCACGCGGAAGTGGCGCGCCGTGCGGCCGAACTGGGGGCAATTACCCGCGAACAGGCGGATCGCTTTATTGCATTTCTGCGTGAACAGCGCGATCGCCTGGTGGCGCGTCTGGGCGGTAGTGGCGGTTCGTGGAGTCATCCGCAGTTTGAAAAATAA,30.0,0.0
88,4.96,24916.21,MGDEKETIKRLEEVREVATGALRAGQPPEEAAARVLERFPDIISPEAAEVFVRTYRAAVEAGMSPEAAAALGVAEAIGVASLEKGVNPKAAAYMMMKGAAEAVRLGATVEQIIDAGTVANTAYFRRVVAPRYGVSDEQARDMARAVMKVMAHAAQLVVRVERGEITPEEARAEIERVREEAVKEIDAALADHPDAAAFAKELLDRHVEGADRLIDEALAGGSGGSWSHPQFEK,ATGGGCGATGAAAAAGAAACCATTAAACGTCTGGAAGAAGTGCGCGAAGTGGCGACCGGCGCGCTGCGTGCCGGTCAGCCGCCGGAAGAAGCGGCGGCCCGTGTGCTGGAACGCTTTCCGGATATTATTAGCCCTGAAGCCGCGGAAGTGTTTGTTCGTACCTACCGCGCCGCCGTGGAAGCGGGTATGAGCCCAGAAGCGGCGGCGGCACTGGGCGTTGCGGAAGCAATTGGCGTGGCGAGCCTGGAAAAAGGTGTGAATCCGAAAGCAGCAGCCTATATGATGATGAAAGGTGCAGCCGAAGCCGTGCGTCTGGGCGCGACCGTAGAACAGATTATTGACGCCGGTACCGTGGCGAATACCGCATACTTCCGCCGTGTGGTGGCCCCGCGCTACGGCGTGTCTGATGAACAGGCGCGCGATATGGCCCGCGCAGTGATGAAAGTTATGGCCCATGCCGCGCAGCTGGTGGTTCGCGTGGAACGTGGCGAAATTACCCCGGAAGAAGCGCGCGCGGAAATTGAACGCGTGCGTGAAGAAGCCGTGAAAGAGATTGATGCCGCGCTTGCGGATCATCCGGACGCGGCGGCGTTTGCAAAAGAACTGCTGGATCGTCATGTTGAAGGCGCGGATCGTCTGATTGATGAAGCGCTGGCGGGCGGCAGCGGTGGCAGCTGGAGCCATCCGCAGTTTGAAAAATAA,28.0,0.0
90,4.81,18221.41,MGEEREREALREIGFDPDAYDVDAVFEEAARELGAPLEEIRAYYRGREAEASPEARRAFMYGMIRMSGRMLGIPEEVVREIVKWAEPLIDEAVAERKSYLEAMYIAHRAVAEYLREKYPEEYKEQAEKAEKMYEVARRYAEEPGGSGGSWSHPQFEK,ATGGGCGAAGAACGCGAACGCGAAGCGCTGCGTGAAATTGGCTTTGATCCGGATGCGTACGATGTGGATGCGGTGTTTGAAGAAGCGGCGCGCGAACTGGGCGCGCCGCTGGAAGAAATTCGCGCCTACTACCGTGGCCGCGAAGCCGAAGCGAGCCCGGAAGCGCGCCGCGCCTTTATGTACGGCATGATCCGTATGAGCGGCCGCATGCTGGGCATCCCGGAAGAAGTGGTGCGCGAAATTGTGAAATGGGCGGAACCGCTGATTGATGAAGCCGTGGCGGAACGCAAAAGCTACCTGGAAGCGATGTATATTGCGCACCGCGCGGTGGCGGAATACCTGCGCGAGAAATACCCGGAAGAATACAAAGAACAGGCGGAAAAAGCCGAAAAAATGTACGAAGTGGCCCGTCGCTATGCCGAAGAACCGGGCGGCAGCGGTGGCTCGTGGAGCCATCCGCAGTTTGAAAAATAA,41.0,-0.04
92,5.44,17734.31,MGDPEVEAFLRAVGLPPELARPEFMEKRFAEARAKLPPEVQERLERGEPEAEREAKVQFAVDMARMAAEFLGLPPEKQKEVVEKGREIGRRMTEQGAPWMAIMVTVHAYMYEKAAEWGVIPREQAERAVAIAERLRERYLAAAGGSGGSWSHPQFEK,ATGGGCGATCCGGAAGTGGAAGCCTTTCTGCGTGCGGTGGGTCTGCCGCCGGAACTGGCGCGCCCGGAATTTATGGAAAAACGCTTTGCGGAAGCCCGTGCAAAACTGCCGCCGGAAGTGCAGGAACGCCTGGAACGCGGTGAACCGGAAGCGGAACGCGAAGCGAAAGTTCAATTTGCGGTGGATATGGCCCGTATGGCCGCGGAATTTCTGGGTCTGCCGCCGGAAAAACAGAAAGAAGTGGTGGAAAAAGGTCGTGAAATTGGTCGCCGTATGACCGAACAGGGTGCGCCGTGGATGGCGATTATGGTTACCGTGCATGCATATATGTACGAAAAAGCCGCCGAATGGGGCGTGATTCCGCGCGAACAGGCGGAACGCGCGGTGGCCATTGCGGAACGTCTGCGTGAACGCTATCTGGCGGCGGCAGGCGGCTCGGGCGGCAGCTGGAGCCATCCGCAGTTTGAAAAATAA,51.0,-0.04
94,4.68,17971.25,MGDEALERARREADEMYGTPDSREVEREIAEEFGIRMEDFELFIRGRTDELDEETRIRVMRAMALMTGRMLGMPEELARRVVEEVAPLAEEMARDRVDGIEAMLVFHEAAIRAAEEAGLISPEEAERLIARERELARRYKAEVGGSGGSWSHPQFEK,ATGGGCGATGAAGCACTGGAACGCGCGCGCCGTGAAGCGGATGAAATGTACGGCACCCCGGACTCGCGCGAAGTGGAACGCGAAATTGCGGAAGAATTTGGCATTCGCATGGAAGATTTCGAACTGTTCATTCGTGGCCGCACCGATGAACTGGATGAAGAAACCCGCATCCGCGTGATGCGTGCCATGGCGCTGATGACCGGCCGTATGCTGGGCATGCCGGAAGAACTGGCGCGTCGCGTGGTGGAAGAAGTGGCGCCGCTGGCCGAAGAAATGGCGCGCGATCGCGTGGATGGCATTGAAGCCATGCTGGTGTTTCATGAAGCCGCGATTCGTGCCGCGGAAGAAGCGGGTCTGATTAGCCCGGAAGAAGCCGAACGCCTGATTGCGCGCGAACGCGAACTGGCGCGCCGTTACAAAGCGGAAGTGGGCGGTAGCGGCGGTAGCTGGAGCCATCCGCAGTTTGAAAAATAA,49.0,-0.02
96,5.29,16788.3,MGREALEMAARMVGRDPASIDYDALVREMAEAAGMPVEWIRRMVDDLVLPETPEERLAFARGMAVMASRIFGLTPEETERARERARAEVERLVDHPLARGLVMGLAHGAAAEEVVRRGDPRAAGAVALAAFALVGGAVLALLAGGSGGSWSHPQFEK,ATGGGTCGCGAAGCCCTGGAAATGGCGGCGCGTATGGTGGGCCGCGATCCGGCGAGCATTGATTATGATGCACTGGTTCGTGAGATGGCGGAAGCGGCGGGCATGCCGGTGGAATGGATTCGTCGCATGGTTGATGATCTGGTACTGCCGGAGACCCCGGAAGAACGTCTGGCGTTTGCGCGCGGCATGGCGGTGATGGCGAGCCGCATTTTTGGCCTGACCCCGGAAGAAACCGAACGCGCGCGCGAACGTGCACGTGCGGAAGTGGAACGCCTGGTTGATCATCCGTTGGCACGCGGTCTGGTGATGGGCTTAGCGCATGGCGCGGCCGCCGAAGAAGTGGTGCGTCGCGGCGATCCGCGCGCGGCTGGCGCGGTGGCCTTAGCAGCGTTTGCGCTGGTCGGCGGTGCCGTTCTGGCCCTGCTGGCAGGTGGCAGCGGCGGTAGCTGGAGCCATCCGCAATTTGAAAAATAA,47.0,0.0
98,4.54,16632.53,MGAEAEERFAEAERVLAAHAAPPERVEELLATDPEAAEEVRRGLADPEAPVPVERAPLFARGMARMAGAQLGVTPEQADAAAEAAIPDVVKAAEEGGNALVLMGTTHEGAYRWFVEQGLVDPALAEPLIEAARRAAESWRELQGGSGGSWSHPQFEK,ATGGGCGCCGAAGCGGAAGAACGCTTTGCCGAAGCGGAACGCGTGCTGGCAGCGCATGCCGCGCCGCCGGAACGTGTTGAAGAACTGCTGGCAACCGATCCGGAAGCGGCGGAAGAAGTGCGTCGTGGTTTAGCGGATCCGGAAGCGCCGGTGCCGGTGGAACGTGCCCCGCTGTTTGCGCGTGGCATGGCCCGCATGGCCGGCGCGCAGCTGGGTGTGACCCCTGAACAAGCGGATGCGGCGGCCGAAGCGGCAATCCCGGATGTGGTGAAAGCGGCAGAAGAAGGTGGCAACGCGCTGGTACTGATGGGTACCACCCATGAAGGTGCCTATCGCTGGTTCGTGGAACAGGGCCTGGTGGATCCGGCCCTGGCAGAACCGCTGATTGAAGCAGCGCGTCGCGCCGCGGAAAGCTGGCGTGAACTGCAGGGCGGCTCGGGCGGCTCGTGGAGCCATCCGCAATTTGAAAAATAA,39.0,0.0
100,5.17,20738.93,MGAEKKAEEEAKRIVERAEKGTWESIMEKILMLAALGGLENIREAQRLFEEVLEKLKKELPEAAKAIEALDDRIEADAAEIVDRIAEEMGLTPEQRELLRRMVALATKYFLLEAVKEGRITVDEIPAALDRARRANELHARGMALLLLYPDSREARIEGLRLMLEAGYRLGGSGGSWSHPQFEK,ATGGGCGCCGAAAAAAAAGCGGAAGAAGAAGCGAAACGCATTGTGGAACGTGCGGAAAAAGGCACCTGGGAAAGCATTATGGAAAAAATTCTGATGCTGGCCGCGCTGGGTGGTCTGGAAAATATCCGCGAAGCGCAGCGCCTGTTTGAAGAAGTGCTGGAAAAACTGAAAAAAGAACTGCCGGAAGCGGCCAAAGCGATTGAAGCCCTGGATGATCGTATTGAGGCGGATGCCGCGGAAATTGTGGATCGTATTGCGGAAGAAATGGGCCTGACCCCGGAACAGCGTGAACTGCTGCGCCGCATGGTGGCGCTGGCGACCAAATATTTTCTGCTGGAAGCGGTTAAAGAAGGCCGCATTACCGTGGATGAAATTCCGGCGGCCCTGGATCGCGCCCGCCGCGCCAACGAACTGCATGCCCGTGGCATGGCCCTGCTGCTGCTGTACCCGGATAGCCGCGAAGCGCGCATCGAAGGCCTGCGCCTGATGCTGGAAGCGGGCTATCGTTTAGGCGGCAGCGGCGGCAGCTGGAGCCATCCGCAATTTGAAAAATAA,29.0,0.0
102,5.08,26041.09,MGDLVAEYRARVDELMAVYEASATEEGAERVMREIAAKMKELGLDRADEIIARLRELARRLDLPPRDAVVAAFATLITVAYEKGVMDPLEAFLLMGVLMDVIARTGVDDERPWRIMELTAEVSAMALHDLHPEYPLERWIEGMRIVMRVMAEAINLIRRARAGEISAEEAIERLWRIAEEAVKKLKEAFKDHPELAEMFIPYAYGHAYGGAVGMRAAAGGGSGGSWSHPQFEK,ATGGGCGATCTGGTGGCCGAATACCGCGCGCGCGTGGATGAACTGATGGCAGTGTATGAAGCAAGCGCGACCGAAGAAGGCGCGGAACGCGTCATGCGCGAAATTGCGGCGAAAATGAAAGAACTGGGCCTGGATCGCGCCGATGAAATTATTGCGCGTCTGCGCGAACTGGCGCGTCGCCTGGATCTGCCGCCGCGCGATGCAGTGGTGGCGGCGTTTGCGACCCTGATTACCGTGGCGTATGAAAAAGGTGTGATGGACCCGCTGGAAGCGTTTCTGCTGATGGGCGTGCTGATGGATGTGATTGCGCGCACCGGTGTTGATGATGAACGTCCGTGGCGCATTATGGAACTGACCGCGGAAGTGAGCGCCATGGCGCTGCATGATCTGCATCCGGAATATCCGCTGGAACGTTGGATTGAAGGCATGCGCATTGTGATGCGCGTGATGGCGGAAGCGATTAACCTGATTCGCCGCGCCCGTGCCGGCGAAATTAGCGCAGAAGAAGCGATTGAACGTCTGTGGCGTATTGCCGAAGAAGCGGTTAAAAAACTGAAAGAGGCCTTCAAAGATCACCCGGAACTGGCGGAAATGTTTATCCCGTACGCCTACGGCCATGCGTACGGCGGCGCGGTGGGTATGCGCGCGGCCGCCGGCGGCGGCAGCGGCGGCAGCTGGAGCCATCCGCAGTTCGAAAAATAA,37.0,0.0
104,4.9,17337.72,MGREEILERLRRLGVSTDPTLSPRARRIGAELVGVSEEEMRAIEARPGRLPDPREGEAFAMAMMAMAALELGLTEEQAKEVALANRAEAREMGERGLSRAVIMGRAHIAAARVMREMGLIRDEDAEELIEIAREIVEEEEAKEGGSGGSWSHPQFEK,ATGGGCCGCGAAGAAATTCTGGAACGTCTGCGTCGCCTGGGTGTGAGCACCGATCCGACCCTGAGCCCGCGCGCGCGCCGCATTGGCGCCGAACTGGTGGGCGTGAGCGAAGAAGAAATGCGCGCCATTGAAGCCCGCCCTGGCCGTCTGCCGGATCCGCGCGAAGGCGAAGCGTTTGCGATGGCCATGATGGCAATGGCGGCCCTGGAACTGGGCTTAACCGAAGAACAGGCGAAAGAAGTTGCGCTGGCGAATCGTGCGGAAGCCCGTGAAATGGGCGAACGCGGCCTGAGCCGCGCAGTGATTATGGGCCGCGCGCATATTGCAGCCGCGCGCGTTATGCGCGAAATGGGCCTGATTCGTGACGAAGATGCAGAAGAACTGATCGAAATTGCACGTGAAATTGTTGAAGAAGAAGAAGCCAAAGAAGGCGGTAGCGGCGGTAGCTGGAGCCATCCGCAATTTGAAAAATAA,30.0,-0.02
106,5.16,22970.63,MGMTREELARYLVHGIAMYKLLELGAFPLARELTARALEEAGHPEEARRVRERLDRLVEAIERLRRGEMTADEAAAAADGDPFFAATLAVAMIEAGWPVEEVARLLGAYLGLDEETVRRFERVVRWLLARLKTVEEAMALMVVLMEPLLRRRGLGEAGRILRELVMREVGVTEEQLAWARELFEEALAMLGGSGGSWSHPQFEK,ATGGGCATGACCCGCGAAGAACTGGCACGCTATCTGGTTCATGGCATTGCCATGTACAAACTGTTAGAACTGGGCGCTTTTCCGCTGGCACGTGAACTGACTGCGCGCGCACTGGAAGAAGCGGGCCATCCGGAAGAAGCGCGCCGCGTTCGTGAACGCCTGGATCGCCTGGTTGAAGCGATTGAACGTCTGCGTCGCGGCGAAATGACCGCGGACGAAGCGGCAGCCGCGGCCGATGGCGATCCATTTTTCGCGGCGACCCTGGCGGTGGCAATGATTGAAGCAGGCTGGCCGGTGGAAGAAGTTGCGCGTCTGCTGGGGGCCTATCTGGGCCTGGATGAAGAAACCGTTCGTCGTTTTGAACGCGTTGTGCGCTGGCTGCTGGCGCGCCTGAAAACCGTGGAAGAAGCGATGGCGCTGATGGTTGTACTGATGGAACCGCTGCTGCGCCGCCGTGGTCTGGGAGAAGCCGGACGTATTCTGCGTGAACTGGTGATGCGCGAAGTTGGCGTGACCGAAGAGCAGCTGGCCTGGGCACGCGAACTGTTTGAAGAAGCGCTGGCGATGTTGGGCGGTAGCGGCGGCTCGTGGAGCCATCCGCAGTTTGAAAAATAA,39.0,0.0
108,4.98,24813.28,MGAEAEAVRRAYERVGEAARRGLAGTPLDEILAEVEPVTRAAGMIPPTPAARALRDALVARGVPEAKATAVGAAYAEVFRMRAEGAPEDEVNAAMALVAFIAFELGLTLDEMLAAAAEAGRALAPEYHAAGLQLPVDQIADLLRKVMELMVLGGYYAYKVAKGEMSVEEAERRIRERAEEIRREIDEVTAGHPVDREFFNGLVDAHVAGAIAVMRAFAGGGSGGSWSHPQFEK,ATGGGTGCGGAAGCGGAAGCGGTGCGCCGTGCGTATGAACGCGTTGGTGAAGCGGCGCGCCGCGGCCTGGCAGGTACACCGCTGGATGAAATTCTGGCCGAAGTGGAACCGGTTACCCGTGCGGCGGGCATGATTCCGCCGACCCCGGCAGCACGCGCACTGCGCGATGCCCTGGTGGCACGTGGTGTGCCGGAAGCCAAAGCGACCGCAGTTGGCGCTGCCTACGCGGAAGTTTTTCGCATGCGTGCGGAAGGCGCCCCGGAAGATGAGGTTAACGCGGCCATGGCACTGGTGGCCTTTATTGCGTTTGAACTGGGCCTGACCCTGGATGAAATGCTGGCGGCGGCGGCCGAAGCGGGCCGCGCCCTGGCGCCGGAATATCACGCGGCCGGCCTGCAGCTGCCGGTAGACCAGATTGCGGACCTGCTGCGTAAAGTTATGGAACTGATGGTTCTGGGCGGCTACTATGCCTATAAAGTAGCTAAAGGCGAAATGAGCGTGGAAGAAGCCGAACGCCGTATTCGTGAACGGGCAGAAGAAATTCGTCGTGAAATTGATGAAGTGACCGCGGGTCATCCTGTTGATCGTGAATTTTTCAACGGTTTGGTTGATGCCCATGTTGCGGGCGCGATTGCCGTGATGCGCGCGTTTGCCGGCGGCGGCAGCGGTGGCAGCTGGAGCCATCCGCAGTTTGAAAAATAA,50.0,-0.04
110,5.12,17629.9,MGERAKREGEAYVAQLPPLEEMIDRVEAMGFATREEMEWVTARRDEPTSRLTPEERDRFADTMIWMAAAGAGLDAAEPERIYERVRPRARAAAHDSPHVLLAMVEIHLPVYEVAVEMGRTEVRPVAEAARRYIEAIRADLAAQGGSGGSWSHPQFEK,ATGGGCGAACGTGCAAAACGTGAAGGCGAAGCATACGTGGCGCAGCTGCCGCCGCTGGAAGAAATGATTGATCGCGTGGAAGCCATGGGTTTTGCGACCCGCGAAGAAATGGAATGGGTGACTGCGCGCCGCGATGAACCGACCAGTCGTCTGACCCCGGAAGAACGCGATCGCTTTGCGGATACGATGATTTGGATGGCGGCCGCGGGTGCGGGCCTGGATGCAGCGGAACCGGAACGTATTTATGAACGTGTTCGCCCGCGTGCCCGTGCAGCGGCACATGATAGCCCGCACGTTCTGCTGGCCATGGTGGAAATTCATCTGCCGGTGTATGAAGTGGCGGTGGAAATGGGTCGTACCGAAGTGCGCCCGGTTGCGGAAGCCGCGCGCCGCTATATTGAAGCGATTCGCGCGGATCTGGCGGCGCAGGGCGGCAGCGGTGGAAGCTGGTCTCATCCTCAGTTTGAAAAATAA,43.0,-0.04
112,4.75,17375.68,MGPLTPEEVRALREELERRIPPEEAAARAAELLGVSEEEVREAWETPVEERTEAQVRAFAYFMAYMAAKALGLPDELAVEVADELFPFYLEAFRAGAPREILMMLTHRAVAEAGRRRGLLTTPEQKELAARIDALADQVVPNGGGSGGSWSHPQFEK,ATGGGTCCGCTGACCCCAGAAGAAGTGCGTGCGCTGCGTGAAGAACTGGAACGTCGCATTCCTCCGGAAGAAGCGGCGGCCCGTGCAGCAGAACTGCTGGGTGTGAGTGAAGAGGAAGTACGTGAAGCCTGGGAAACCCCGGTAGAAGAACGCACCGAAGCCCAGGTGCGCGCATTTGCCTATTTTATGGCGTATATGGCGGCGAAAGCGCTGGGCTTACCGGACGAACTGGCGGTTGAAGTGGCGGACGAATTATTCCCGTTTTATCTGGAAGCGTTCCGCGCCGGCGCCCCGCGTGAAATTCTGATGATGTTGACCCATCGCGCCGTGGCAGAAGCAGGCCGTCGTCGTGGCCTGCTGACCACGCCGGAACAGAAAGAACTGGCCGCGCGTATTGATGCCCTGGCAGATCAGGTTGTGCCGAACGGCGGCGGCTCTGGCGGCAGCTGGAGCCACCCGCAATTTGAAAAATAA,44.0,0.02
114,4.95,21327.49,MGLRERARREAERIVARAERGEVTSKMDEVLMLAAIGGRENLEKAREIFREMIEELEKEAPEAAEAIKKHDKEIRERAREIVERIAEELELSEEDVELLLEMEIDFIRYELLKLVKRGEITVEEIPEAIEKAIKPQEDHARAMARMLKEPDNPELRVREMEKMVLAALQLGGSGGSWSHPQFEK,ATGGGCCTGCGCGAACGTGCCCGCCGCGAAGCCGAACGCATTGTGGCACGTGCGGAACGCGGTGAAGTTACCAGCAAAATGGATGAAGTCCTGATGCTGGCCGCGATTGGCGGCCGCGAAAATCTGGAAAAAGCGCGCGAAATTTTTCGCGAAATGATTGAAGAACTGGAAAAAGAAGCCCCGGAAGCCGCGGAAGCGATCAAAAAACATGATAAAGAAATCCGCGAACGTGCGCGCGAAATTGTGGAACGCATTGCGGAAGAACTGGAACTGAGCGAAGAAGATGTGGAACTGCTGCTGGAAATGGAAATTGACTTTATCCGCTATGAACTGCTGAAACTGGTGAAACGCGGTGAAATTACCGTGGAAGAAATTCCGGAAGCGATTGAAAAAGCGATTAAACCGCAGGAAGATCACGCGCGCGCGATGGCCCGCATGCTGAAAGAACCGGATAACCCGGAACTGCGCGTGCGCGAAATGGAAAAAATGGTCCTGGCCGCCCTGCAGCTGGGCGGCAGCGGCGGCAGCTGGAGCCATCCGCAGTTCGAAAAATAA,43.0,0.0
116,4.64,18736.39,MGERERWEEIITRWVRELMERILPVIAENPDATDEEIFERVGPWLVESLARLFRELGLDVSPEQVRAMVEAMMPHMIEMFREMIFGGEDARERIYELWDRHIAAMEAVPGIDPARIRYVISYAMVVVFPDDPRYQEAVERAWAEVQGGSGGSWSHPQFEK,ATGGGCGAACGCGAACGTTGGGAAGAAATCATTACCCGTTGGGTTCGCGAACTGATGGAACGCATTCTGCCGGTCATTGCGGAAAACCCGGATGCCACCGATGAAGAAATTTTTGAACGCGTGGGCCCGTGGCTGGTGGAAAGCCTGGCCCGTCTGTTTCGCGAACTGGGCCTGGATGTGAGCCCGGAACAGGTTCGCGCGATGGTGGAAGCCATGATGCCGCATATGATTGAAATGTTTCGCGAAATGATTTTTGGCGGCGAAGATGCGCGCGAACGCATTTACGAACTGTGGGATCGCCATATTGCCGCGATGGAAGCGGTGCCGGGCATTGATCCGGCCCGCATTCGTTACGTGATTAGCTACGCGATGGTTGTGGTGTTTCCGGATGATCCGCGTTATCAGGAAGCGGTGGAACGCGCGTGGGCCGAAGTGCAGGGCGGCAGTGGCGGCAGCTGGAGCCACCCGCAGTTTGAAAAATAA,24.0,0.02
118,5.07,24048.48,MGLDPREVMRLVARMTVEAGKPVGMLTVLIAGDDVERLERRKEELDAFGRELAALGARHPALLFKVGEVERFREEALRTLREMRAAGMSGVAIMLEAEPNVPPEAVFEYAEAAAEAAERSGLPAAIVFIGDHVPREHLDAINERYPNVVAFRGPDPRLGALAAADIVEALVDGRPVSREEIDEMEAAIRRGEIPPLRGTGRRIAEALGGSGGSWSHPQFEK,ATGGGCCTGGATCCGCGTGAAGTTATGCGTCTGGTGGCGCGTATGACCGTGGAAGCGGGCAAACCAGTGGGCATGCTGACCGTGCTGATTGCAGGCGATGATGTGGAACGCCTGGAGCGCCGCAAAGAAGAACTGGATGCGTTTGGTCGCGAACTGGCAGCGCTGGGCGCGCGTCATCCGGCGCTGCTGTTCAAAGTTGGTGAAGTGGAACGTTTTCGCGAAGAAGCCCTGCGCACCCTGCGTGAAATGCGTGCCGCAGGTATGAGCGGCGTTGCAATTATGCTGGAAGCCGAACCGAATGTGCCGCCGGAAGCGGTATTCGAATATGCAGAAGCCGCGGCCGAAGCGGCGGAACGCTCGGGCCTGCCTGCGGCGATCGTGTTCATCGGTGATCATGTGCCGCGCGAACATTTAGATGCCATTAACGAACGTTATCCGAATGTTGTTGCGTTTCGTGGTCCGGATCCGCGTCTGGGCGCACTGGCCGCTGCCGACATTGTAGAAGCACTGGTCGACGGCCGCCCGGTGAGCCGCGAAGAAATTGATGAAATGGAAGCCGCGATTCGTCGTGGCGAAATTCCGCCGCTGCGTGGTACGGGCCGCCGCATTGCGGAAGCCTTAGGTGGCAGCGGCGGCTCATGGAGCCACCCGCAATTCGAAAAATAA,43.0,0.0
120,4.61,18368.78,MGREERDREIIEKWLKKFDAEVAPLIAADPDISDEEVYDRVKDAMIRLNRELFRELGFPIDDAAIVAAVDAMFPYMVRLFRARLFEGEDLDAVLEALFDEHLAAMEAVPGLDPNQVRYVVATAFAIRDPERPYFERRAREAYEAMQGGSGGSWSHPQFEK,ATGGGTCGCGAAGAACGCGATCGCGAAATCATTGAAAAATGGCTGAAAAAATTTGATGCGGAAGTGGCGCCGCTGATTGCGGCGGATCCGGATATTAGCGATGAAGAGGTGTATGATCGTGTGAAAGATGCGATGATTCGCCTGAATCGCGAACTGTTTCGCGAACTGGGCTTCCCGATTGATGATGCGGCGATTGTGGCGGCGGTGGATGCCATGTTTCCGTATATGGTGCGCCTGTTCCGCGCGCGCCTGTTTGAAGGCGAAGATCTGGATGCGGTGCTGGAAGCGCTGTTTGATGAACATCTGGCCGCGATGGAAGCGGTTCCGGGCCTGGATCCGAACCAGGTGCGCTACGTGGTGGCGACCGCGTTTGCAATTCGCGACCCGGAACGTCCGTATTTCGAACGTCGCGCGCGCGAAGCCTACGAAGCCATGCAGGGCGGCAGCGGCGGCTCCTGGAGCCATCCGCAGTTTGAAAAATAA,51.0,0.0
122,5.33,15359.51,MGPVRPVPLPPELRKYVPEETAERRVLGAAVDSPADIRPTLEAMRPHFDDEFLLVVHRMPADDPRTPARGQWMIMVFNGVKDLEAMARAFAAMHAPDEPVHTRRVRRDDPLDELVAWAEEAMGGGSGGSWSHPQFEK,ATGGGTCCGGTGCGCCCCGTACCTCTGCCGCCGGAACTGCGCAAATATGTACCGGAAGAAACCGCAGAACGTCGTGTGCTGGGTGCCGCAGTGGATAGCCCGGCGGATATTCGCCCAACCCTGGAAGCCATGCGCCCGCACTTTGATGATGAATTTTTACTTGTGGTCCATCGTATGCCGGCCGATGATCCGCGCACCCCGGCGCGCGGCCAGTGGATGATTATGGTGTTCAACGGCGTTAAAGATCTGGAAGCGATGGCGCGCGCGTTCGCCGCGATGCATGCACCTGATGAACCGGTTCATACCCGCCGCGTCCGTCGCGATGATCCGCTGGATGAATTAGTAGCATGGGCCGAAGAAGCCATGGGCGGTGGCAGCGGCGGTAGCTGGAGCCACCCGCAGTTTGAAAAATAA,40.0,0.0
124,4.76,22119.4,MGSEELERLWEELMEIVNFPFLREYIREAIERYFPADMDPAEALEDILAAFEEWIKNMTPEQEEAHKKAMEKIFRGLGVPTDPEYEEKIKRIAELMIEIIKNMTKPTPETEKLKEEAVKLMKEMFDIAAKNPIDREAVREGVRGMTDVFPFSPRVKEFLERVLTDAFLAYVESLRAGGSGGSWSHPQFEK,ATGGGCAGCGAAGAACTGGAACGTCTGTGGGAAGAACTGATGGAAATTGTGAATTTTCCGTTTCTGCGCGAATACATTCGCGAAGCGATTGAGCGCTACTTTCCGGCGGATATGGATCCGGCGGAAGCCCTGGAAGATATTCTGGCGGCCTTCGAAGAATGGATTAAAAACATGACCCCGGAACAGGAAGAAGCGCATAAAAAAGCGATGGAAAAAATTTTTCGCGGCCTGGGCGTGCCGACCGATCCGGAATATGAAGAAAAAATTAAACGCATTGCGGAACTCATGATTGAAATTATTAAAAACATGACCAAACCGACCCCGGAAACCGAGAAACTGAAAGAAGAAGCGGTTAAACTGATGAAAGAAATGTTTGATATTGCAGCGAAAAATCCGATTGATCGCGAAGCCGTGCGCGAAGGCGTGCGCGGCATGACGGACGTGTTTCCGTTTAGCCCGCGCGTGAAAGAATTTCTGGAACGCGTGCTGACCGATGCGTTCCTGGCGTATGTGGAATCGCTGCGCGCGGGCGGCAGCGGCGGCAGCTGGAGCCATCCGCAGTTTGAAAAATAA,35.0,0.0
126,4.97,22368.59,MGMEKLLEEFRKAMEEKDFDRILEIFFKLGLYYVATLYNEAGIDAGKIGEEVAKYSPEERARLREEFDRLRREFLESITDPEEKRKLWEYLMEFAKKVAADEFGVGPVFSYGMYGMLVYFKDIDFTTLTPDDFERLMLLAHYVGALVYGDPRVIALYERLAAVATPEERARARRLAAELGGSGGSWSHPQFEK,ATGGGCATGGAAAAACTGCTGGAAGAATTTCGCAAAGCCATGGAGGAAAAAGACTTTGATCGTATTCTGGAAATTTTTTTTAAACTGGGCCTGTATTATGTGGCGACCCTGTATAATGAAGCAGGCATTGATGCGGGCAAAATTGGCGAAGAAGTGGCGAAATATAGCCCGGAAGAACGCGCGCGTCTGCGCGAAGAATTTGATCGCCTGCGTCGTGAATTTCTGGAATCCATTACCGATCCGGAAGAAAAACGTAAACTGTGGGAATATCTGATGGAATTTGCCAAAAAAGTCGCCGCCGATGAATTTGGCGTGGGCCCGGTGTTTAGCTACGGTATGTATGGCATGCTGGTGTATTTTAAAGATATTGATTTCACCACCCTGACCCCGGATGATTTTGAACGTCTGATGCTGCTGGCGCATTATGTGGGCGCCCTGGTGTATGGCGATCCGCGCGTGATTGCCCTGTACGAACGCCTGGCCGCGGTGGCGACCCCGGAAGAACGCGCGCGTGCGCGCCGCCTGGCCGCGGAACTGGGCGGCAGCGGCGGCAGCTGGAGCCATCCGCAGTTTGAAAAATAA,28.0,0.0
128,4.85,25646.93,MGDPLAELYEVAKRAEEEIRRVAEEMSWREAAERLRRVAEELGMPRRGELGVEFAEAMARRGMPERLIAAATAFVLLLLEAIAAGAPFEERAMIMVVGAYVLLKMGMTPEQLAEMGELLAPIDVQLMKDAGVPASDERLRKVAILTMKLMIEMAELLQKLDSGEISPEEAIKIAEELLKEMEKEIDALVPDDPAARAAGKEMARAHAEGLILYAKYLAKGGSGGSWSHPQFEK,ATGGGCGATCCGCTGGCGGAACTGTACGAAGTGGCGAAACGTGCGGAAGAAGAAATTCGCCGTGTGGCGGAAGAAATGAGCTGGCGTGAAGCCGCGGAACGTTTACGCCGCGTTGCCGAAGAACTGGGCATGCCGCGCCGTGGCGAACTGGGCGTGGAATTTGCGGAAGCCATGGCCCGTCGCGGCATGCCGGAACGCCTGATTGCGGCGGCCACCGCGTTTGTGCTGCTGCTGCTGGAAGCGATTGCGGCCGGCGCGCCGTTTGAAGAACGCGCGATGATTATGGTGGTGGGCGCCTATGTCCTGCTGAAAATGGGCATGACCCCGGAACAGCTGGCGGAAATGGGCGAACTGCTGGCGCCGATTGATGTTCAGCTGATGAAAGACGCGGGTGTGCCGGCGAGCGATGAACGTCTGCGCAAAGTGGCCATTCTGACCATGAAACTGATGATCGAAATGGCGGAACTGCTGCAGAAACTGGATAGCGGCGAAATTTCACCGGAAGAAGCGATTAAAATTGCGGAAGAACTGCTGAAAGAAATGGAAAAAGAAATTGATGCCCTGGTTCCGGATGATCCGGCCGCGCGTGCCGCGGGCAAAGAAATGGCACGTGCGCACGCGGAAGGCCTGATTCTGTACGCCAAATACCTGGCGAAAGGCGGCTCAGGCGGCAGCTGGAGCCATCCGCAGTTTGAAAAATAA ,34.0,0.0
130,5.02,17462.83,MGDRIRELAREIGRILDPDMDDAEVDALLEKVREKMGEEVFRKAFEEPDAMTPEEKTKFVEAMADMGVDLARLPPEVGKEAREVAIEKGRKAVEEGRNALELMEVVHRAVAEYMERHGHPRAARALEAAARIPAAAAEMRAELGGSGGSWSHPQFEK,ATGGGCGACCGCATTCGCGAACTGGCGCGTGAAATTGGCCGCATTCTGGATCCGGATATGGATGATGCGGAAGTGGATGCGCTGCTGGAAAAAGTGCGTGAAAAAATGGGCGAAGAAGTGTTTCGTAAAGCCTTTGAAGAACCGGATGCGATGACCCCGGAAGAAAAAACCAAATTTGTGGAAGCCATGGCGGACATGGGCGTTGATCTGGCGCGTCTGCCGCCGGAAGTGGGCAAAGAAGCCCGCGAAGTGGCAATTGAAAAAGGCCGTAAAGCGGTGGAAGAAGGCCGCAACGCGCTGGAACTGATGGAAGTGGTGCATCGCGCGGTGGCGGAATACATGGAACGCCATGGCCATCCGCGCGCCGCGCGTGCGCTGGAAGCGGCCGCGCGCATTCCGGCCGCGGCGGCGGAAATGCGCGCCGAACTGGGCGGCAGCGGCGGCAGCTGGAGCCACCCGCAATTTGAAAAATAA,21.0,-0.02
132,4.97,25874.86,MGAEEAERREMVERLRRVVEQIEAGGDLDEARRTVEEVLDRAGLGEWRRIAEAVRRGLIRAGLPEEVARRVEVWVLLAAAHREISGDPVLTAEGMGRAAVEIVEAAGNLEEALRIMEVIAREIAEALQELGLTLPREELERALALAMRAMAYLGLGLLEPERARTYLRLAIVLSWLAYLMMQRLLERAPEEERPLMERVAEMAGLHGEAAAVFLAQLPAGGSGGSWSHPQFEK,ATGGGCGCCGAAGAAGCAGAACGCCGTGAAATGGTGGAACGCCTGCGCCGCGTTGTTGAACAGATTGAAGCAGGTGGGGATCTGGATGAAGCACGTCGTACAGTGGAAGAAGTGTTAGATCGCGCCGGCCTGGGCGAATGGCGTCGTATCGCCGAAGCAGTGCGCCGTGGTTTAATTCGTGCGGGTCTGCCGGAAGAAGTGGCGCGCCGCGTGGAAGTGTGGGTCCTGCTGGCCGCGGCGCATCGCGAAATCAGCGGTGATCCGGTGCTGACCGCCGAAGGCATGGGTCGTGCCGCGGTGGAAATTGTAGAAGCGGCAGGTAACCTGGAAGAAGCGCTGCGCATTATGGAAGTGATTGCGCGCGAAATTGCCGAAGCGCTGCAAGAACTGGGTCTGACACTGCCGCGTGAAGAACTGGAACGTGCGCTGGCGCTGGCGATGCGCGCCATGGCGTATCTGGGCCTGGGCCTGCTGGAACCGGAACGTGCGCGCACGTATCTGCGCCTGGCGATTGTGCTGAGTTGGCTGGCCTATCTGATGATGCAGCGCCTGCTGGAACGTGCACCGGAAGAGGAACGTCCGCTGATGGAGCGCGTAGCGGAAATGGCCGGCCTTCACGGTGAAGCGGCGGCGGTTTTTCTGGCGCAACTGCCGGCGGGTGGAAGTGGCGGCAGCTGGAGTCATCCGCAGTTCGAAAAATAA,19.0,0.0
134,4.86,17027.27,MGAAAFEELQRLIGRPPEEADEAKALETLTPEERAAFDAAERAMRDPDRVLSEEEARLFARAMAKMDAYLLGADPAQAERMVEAAVPRVLAAQREGRPAAEMMAVAHEASVRAAVELGVLTPEQAERIIAAMRREAQRVMDAAGGSGGSWSHPQFEK,ATGGGTGCGGCGGCGTTTGAAGAACTGCAGCGCTTAATTGGCCGCCCGCCGGAAGAAGCCGATGAAGCGAAAGCGCTGGAAACCCTGACTCCGGAAGAACGCGCAGCGTTTGACGCCGCCGAACGTGCGATGCGTGATCCGGATCGTGTTCTGAGCGAAGAAGAAGCACGTCTGTTTGCCCGTGCGATGGCCAAAATGGATGCGTACTTACTGGGTGCGGATCCGGCCCAGGCCGAACGCATGGTGGAAGCAGCGGTACCGCGTGTGCTGGCCGCACAGCGTGAAGGCCGTCCGGCCGCGGAAATGATGGCCGTTGCCCATGAAGCCAGCGTGCGCGCTGCGGTTGAACTGGGCGTGCTGACCCCGGAACAAGCGGAACGCATTATTGCCGCCATGCGCCGCGAAGCGCAGCGTGTCATGGATGCGGCGGGCGGCAGCGGCGGCAGCTGGTCACATCCGCAGTTCGAAAAATAA,53.0,0.0
136,5.15,19863.97,MGMERLSREVSEALKEALELAKEDMEKALEVARRMGELIAEDLRRRGFRPGDVLVMVAEISPEMAKYVMTPEAQAIMATVGEAIIRAAGLARLYVVGVGNGDPAAQRAHAEAMAAAPGGVAIVAPVRETRALVGDDVRFVLTTEAMPEEIRREIERWAAELGARLIAMPLGGSGGSWSHPQFEK,ATGGGTATGGAACGCCTGAGTCGTGAAGTTTCAGAAGCGCTGAAAGAAGCACTGGAACTGGCGAAAGAAGATATGGAAAAAGCGCTGGAAGTGGCACGCCGCATGGGTGAACTGATTGCGGAAGATCTGCGTCGTCGCGGCTTTCGCCCGGGCGATGTGCTGGTGATGGTAGCGGAAATTTCACCGGAAATGGCGAAATACGTAATGACCCCGGAAGCGCAGGCCATTATGGCGACTGTCGGTGAAGCGATTATTCGTGCGGCCGGCCTGGCGCGCCTGTATGTCGTGGGCGTGGGCAATGGCGATCCTGCCGCGCAGCGCGCGCATGCGGAAGCCATGGCGGCGGCCCCGGGCGGCGTGGCAATTGTGGCGCCGGTTCGCGAAACCCGCGCCTTGGTAGGCGATGATGTTCGCTTTGTGCTGACCACCGAAGCGATGCCGGAAGAAATTCGCCGCGAAATTGAACGTTGGGCGGCAGAGCTGGGCGCGCGCCTGATTGCAATGCCGTTAGGTGGCAGCGGTGGCAGCTGGAGTCATCCGCAGTTTGAAAAATAA,51.0,0.0
138,5.6,17585.36,MGDWRVELALEAARALGVEIPREEVRRMEEETWRRMREAAPELMDKPVAAPPAEAFERFLPIMAEMAVRVLQLPEEVREEAIARARELARAMAGRPANFDELMAEAHGMVFDAALPKGLISEELARRLKARFRALPVVRAALAGGSGGSWSHPQFEK,ATGGGCGATTGGCGTGTGGAACTGGCGCTGGAAGCGGCCCGTGCGCTGGGCGTGGAAATTCCGCGCGAAGAAGTGCGCCGCATGGAAGAAGAAACCTGGCGCCGCATGCGTGAAGCGGCCCCGGAACTGATGGATAAACCTGTTGCGGCCCCGCCGGCAGAAGCGTTTGAACGTTTTCTGCCGATCATGGCGGAAATGGCGGTACGCGTGCTGCAGTTACCGGAAGAAGTGCGTGAAGAAGCCATTGCACGTGCGCGTGAACTGGCCCGTGCGATGGCCGGCCGCCCGGCAAATTTCGATGAACTGATGGCGGAAGCGCATGGTATGGTTTTTGATGCCGCGCTGCCGAAAGGCCTGATTAGCGAAGAACTGGCACGTCGCCTGAAAGCGCGCTTTCGTGCGCTGCCGGTGGTGCGCGCAGCCCTGGCCGGCGGTAGCGGCGGTAGCTGGAGCCATCCGCAATTTGAAAAATAA,42.0,-0.02
140,4.86,17114.53,MGDPLVEEVVEKIKEINPAADVEASEARAAEAMGVTPEEFYEMLYKPVGELPPERVEAFIRGMAEMAGDLVGATPEETRRAVERAYARLAREVRPEDMMIEVMARVHRLVAEALEEAGAPAAAKARAIAKVVEEAAARIKERLGGSGGSWSHPQFEK,ATGGGTGATCCGCTGGTGGAAGAAGTGGTGGAAAAAATTAAAGAAATTAATCCGGCGGCGGATGTGGAAGCGAGCGAAGCGCGCGCCGCGGAAGCAATGGGGGTAACCCCGGAAGAATTTTATGAAATGCTGTATAAACCGGTTGGCGAACTGCCGCCGGAACGCGTGGAGGCCTTTATTCGTGGCATGGCCGAAATGGCGGGCGATCTGGTGGGTGCCACCCCGGAAGAAACCCGTCGCGCCGTGGAACGTGCGTACGCCCGCCTGGCGCGTGAAGTGCGTCCGGAAGATATGATGATTGAAGTGATGGCGCGCGTGCATCGCCTGGTGGCAGAAGCGCTGGAAGAAGCAGGCGCGCCGGCGGCAGCGAAAGCCCGTGCGATTGCGAAAGTGGTGGAAGAAGCGGCGGCGCGCATTAAAGAACGTCTGGGCGGCAGCGGCGGTAGCTGGAGCCACCCGCAGTTTGAAAAATAA,43.0,0.0
142,4.75,22409.45,MGPLTERQFRLALHGAGMAKLMEDGTADEFFDMFAEAAEEAGRPELAAAERRMKEVVREALAALDESEEAVAELIKDPRLTPGVRIGLAVLAIRKGYDRERMVDAVAEAMGISREEARAMLEVADVAYDLLDSARQGAVFMVRNMKPLMEERGLGEVADIFEKKVLEHYGVSEEEAEALERRVVEAARAAGGSGGSWSHPQFEK,ATGGGCCCGCTGACCGAACGTCAGTTTCGCCTGGCGCTGCATGGCGCGGGTATGGCGAAACTGATGGAGGATGGCACCGCGGATGAATTTTTTGATATGTTTGCGGAAGCGGCCGAAGAAGCGGGCCGCCCGGAACTGGCCGCGGCAGAACGTCGTATGAAAGAAGTTGTGCGTGAAGCCCTGGCGGCGCTGGATGAAAGCGAAGAAGCGGTGGCGGAACTGATTAAAGATCCGCGCCTGACCCCGGGCGTGCGTATTGGCCTGGCGGTGCTGGCGATTCGCAAAGGCTATGATCGTGAACGCATGGTGGATGCGGTAGCCGAAGCGATGGGCATTAGCCGCGAAGAAGCGCGCGCGATGCTGGAAGTGGCAGATGTTGCGTATGATCTGCTGGATAGCGCGCGCCAGGGCGCAGTTTTTATGGTGCGCAACATGAAACCGCTGATGGAAGAACGTGGTCTGGGTGAAGTGGCGGATATTTTTGAAAAAAAAGTGCTGGAACACTATGGCGTGAGCGAGGAAGAAGCAGAAGCGCTGGAACGCCGTGTGGTGGAAGCGGCGCGTGCGGCGGGCGGCTCGGGCGGCAGCTGGAGCCACCCGCAGTTTGAAAAATAA,27.0,0.02
144,5.25,24142.72,MGDPRRAMRYIIDRMEEEGIFTPEEAAALREAHDAFWEEVERLAEELGWTREEVVALLMGVLAEEVPLFGGDYRRMEEMVRLIMRALHPDGLDEEARAAIEAMDRLHRRAAEAVARRGPVLRDHPLGVRAITTLAAMMVVILRRLLEHPRPQAALTPEERARLREYLRAFEELLERLKEEHPEVYEKYAEPLLKLGGSGGSWSHPQFEK,ATGGGCGATCCGCGTCGTGCCATGCGCTACATTATTGATCGCATGGAAGAAGAAGGCATTTTTACCCCGGAAGAAGCGGCGGCGCTGCGCGAAGCGCATGATGCGTTTTGGGAAGAGGTTGAACGTCTGGCGGAAGAACTGGGCTGGACCCGCGAAGAAGTGGTGGCGCTGCTGATGGGCGTCCTGGCGGAAGAAGTTCCGCTGTTTGGCGGCGATTATCGCCGTATGGAAGAAATGGTGCGCCTGATTATGCGCGCACTGCATCCGGATGGCCTGGATGAAGAAGCACGTGCAGCCATTGAAGCGATGGATCGCCTGCATCGTCGCGCCGCGGAGGCGGTGGCGCGTCGCGGCCCGGTCCTGCGTGATCATCCGCTGGGCGTGCGTGCGATTACCACCCTGGCAGCGATGATGGTGGTTATTCTGCGCCGCTTACTGGAACATCCGCGCCCGCAGGCGGCACTGACCCCGGAAGAACGCGCGCGTCTGCGTGAATACCTGCGCGCCTTTGAAGAACTGCTGGAACGCCTGAAAGAAGAACATCCGGAAGTATATGAAAAATATGCGGAACCGCTGCTGAAACTGGGCGGCAGCGGTGGCAGCTGGAGTCACCCGCAGTTTGAAAAATAA,14.0,0.0
146,5.14,16811.3,MGALDAAEMAKILGVPEESLSEERLRELAARTLGIPKEKTLREIAVEAGRRMAAGDRAAIEGMLRMAAEMMGMDPETAKKAVDASVPRVEAAAREGAPPAEMMVIAHGEVARRAAELGVITEEQVEEYIAFLRRQAERLVAAAGGSGGSWSHPQFEK,ATGGGTGCACTGGATGCGGCGGAAATGGCAAAAATTCTGGGCGTGCCGGAAGAAAGCCTGAGCGAAGAACGTCTGCGCGAACTGGCGGCGCGTACCCTGGGCATTCCCAAAGAAAAAACTCTGCGCGAAATTGCGGTGGAAGCGGGCCGCCGCATGGCGGCCGGCGATCGCGCCGCCATTGAAGGTATGCTGCGTATGGCGGCGGAAATGATGGGCATGGATCCAGAAACGGCGAAAAAAGCAGTCGATGCGAGCGTTCCGCGCGTTGAAGCCGCAGCCCGTGAAGGCGCGCCTCCGGCCGAGATGATGGTGATTGCGCATGGTGAAGTTGCGCGTCGCGCGGCAGAACTGGGTGTGATTACCGAAGAACAGGTTGAAGAATATATTGCGTTTCTGCGCCGCCAGGCCGAACGTTTAGTGGCGGCGGCGGGTGGCAGCGGCGGCAGCTGGTCTCACCCGCAGTTTGAAAAATAA,32.0,0.0
148,4.65,16827.92,MGDELVRAALAEAGVDPAEFRAAASPEVWAQIPAEEREAVDWMRAHPAERPTDEQLEKFVRAMVKMTAIVAGLAPEVEERGYEIAYPRVRERVEAGEDFVAMMAAAHRGVYEAAEELADLVSPEGIRLARGLAAAAEALAAAAGGSGGSWSHPQFEK,ATGGGCGACGAATTAGTGCGTGCGGCGCTGGCCGAAGCAGGCGTGGATCCCGCGGAATTTCGCGCGGCGGCGAGCCCGGAAGTGTGGGCCCAGATTCCGGCCGAAGAACGCGAAGCGGTGGATTGGATGCGCGCGCACCCGGCCGAACGTCCGACCGATGAACAGCTGGAAAAATTTGTTCGCGCAATGGTGAAAATGACCGCAATTGTCGCCGGCTTAGCCCCGGAAGTCGAAGAACGCGGCTATGAAATTGCCTATCCGCGTGTTCGTGAACGTGTCGAAGCCGGCGAAGATTTTGTTGCGATGATGGCGGCAGCGCATCGCGGCGTGTATGAAGCGGCCGAAGAACTGGCCGATCTGGTGAGCCCGGAAGGCATTCGCCTGGCACGTGGCCTGGCAGCGGCGGCCGAAGCACTGGCAGCCGCCGCAGGTGGCAGCGGCGGTAGCTGGAGCCATCCGCAGTTTGAAAAATAA,30.0,0.0
150,5.03,17634.1,MGDEIRREFERLAGREITPELRREVVERGARVIGLDPEEMVAAVEAVEAGDDSVPVRQRMRGMAAMGAGLAGLPPEEMRRYYELVEERVPEMERLGLNAAEIMRVAHAVPIEMARLRDAPLEERLAAGRERMDEEIARIRAEKGGSGGSWSHPQFEK,ATGGGCGATGAAATCCGTCGCGAATTTGAACGCCTGGCCGGCCGTGAAATTACCCCGGAACTGCGTCGTGAAGTGGTGGAACGCGGTGCACGCGTGATTGGCCTGGATCCGGAAGAAATGGTTGCAGCGGTAGAAGCAGTTGAAGCAGGCGATGATAGCGTGCCGGTTCGCCAGCGCATGCGTGGCATGGCCGCCATGGGTGCGGGCCTGGCCGGCCTGCCGCCGGAAGAAATGCGTCGTTATTATGAACTGGTGGAAGAACGTGTACCGGAAATGGAACGCCTGGGTCTGAACGCGGCGGAAATTATGCGCGTGGCGCATGCCGTGCCGATTGAAATGGCGCGCCTGCGTGATGCACCGTTAGAAGAACGCCTGGCAGCGGGCCGTGAACGCATGGATGAGGAAATTGCACGCATTCGCGCGGAAAAAGGCGGCTCCGGTGGTAGCTGGTCGCACCCGCAGTTTGAAAAATAA,49.0,-0.04
152,4.86,25622.21,MGGKPLEELTEEELFERIIEAYRRGDEAELERLLEALRRRLREMGYSDEEVEREVRLALALARAYDVVDALDLSGLSFEEAVERAMRAIAEAFPFLKEYPMAPPMFARLLAERLAPPEEREPLMRVLEVFHDIEMAQEYPRYLDRLPPEVAAALRADPALDPERRRALARRAAVRALMEELGLSREEAERAFERAWRLIEAAREAFGVPGGSGGSWSHPQFEK,ATGGGCGGCAAACCGCTGGAAGAACTGACTGAAGAAGAATTATTTGAACGTATTATTGAAGCATATCGCCGCGGTGATGAAGCGGAACTGGAACGCTTACTGGAAGCGCTGCGCCGCCGCCTGCGCGAAATGGGTTATAGCGATGAAGAAGTGGAACGCGAAGTGCGTCTGGCCTTAGCGCTGGCACGCGCGTATGATGTCGTGGATGCGCTGGATCTGAGTGGCCTGAGCTTTGAAGAAGCGGTGGAACGCGCAATGCGCGCGATTGCCGAAGCGTTTCCGTTTCTGAAAGAATATCCGATGGCCCCTCCGATGTTTGCGCGCCTGCTGGCCGAACGCCTGGCGCCGCCGGAAGAACGTGAACCGCTGATGCGTGTGCTGGAAGTTTTTCATGATATTGAAATGGCACAGGAATACCCGCGCTATCTGGATCGCCTGCCGCCGGAAGTGGCGGCCGCCCTGCGTGCCGATCCGGCACTGGATCCGGAACGCCGCCGCGCGCTGGCCCGCCGCGCAGCAGTGCGCGCGCTTATGGAAGAACTGGGCCTGAGCCGCGAAGAAGCAGAACGTGCATTTGAACGTGCATGGCGTCTGATTGAAGCGGCGCGCGAAGCGTTCGGCGTTCCGGGCGGTAGCGGCGGTAGCTGGAGCCATCCGCAGTTTGAAAAATAA,39.0,-0.04
154,4.94,25491.09,MGREAEEARAWLREVERIAREFEDPARARAYLEEVLARAPPEVAAALRAMLETLRAAFREEGIPEEVADAILAAVLKAVELRERGAPEREVIAAMIAAALIVARAAPSREAARRIMDALARGWTGVIQAMGSKADPEKVLEALRAAMEAMVLAGEMAAMVLAGERPPEELYERAREAAERAIEIAREIKEEDPETGDFLEWAARVHLRGAEYARLAAEAGGSGGSWSHPQFEK,ATGGGCCGTGAAGCGGAAGAAGCCCGTGCGTGGCTGCGTGAAGTTGAACGCATTGCCCGAGAATTTGAAGATCCGGCGCGCGCGCGCGCCTATTTAGAAGAAGTTCTGGCACGTGCCCCGCCGGAAGTGGCAGCAGCCCTGCGCGCGATGCTGGAGACCCTGCGCGCAGCGTTTCGCGAAGAAGGTATTCCGGAAGAAGTTGCGGATGCAATTCTGGCGGCCGTTCTGAAAGCGGTGGAACTGCGCGAACGTGGCGCTCCGGAACGTGAAGTCATTGCCGCGATGATTGCGGCGGCGCTGATTGTGGCCCGTGCGGCGCCGAGCCGCGAAGCGGCGCGCCGTATTATGGACGCGCTGGCCCGTGGCTGGACCGGCGTGATTCAGGCGATGGGCAGCAAAGCGGATCCGGAAAAAGTGCTGGAAGCGCTGCGCGCGGCCATGGAAGCCATGGTGCTGGCGGGAGAGATGGCAGCCATGGTGCTGGCGGGCGAACGCCCGCCTGAAGAACTGTACGAACGTGCCCGTGAAGCCGCCGAACGCGCGATTGAAATTGCGCGTGAGATTAAAGAAGAAGATCCGGAAACCGGCGATTTTCTGGAATGGGCCGCGCGCGTTCATCTGCGTGGTGCGGAATATGCACGCCTGGCAGCCGAAGCCGGCGGTTCTGGCGGCAGCTGGTCTCACCCGCAGTTTGAAAAATAA,34.0,0.0
156,5.15,17392.73,MGEEAFREVQRIFGTDIPREEIEARVRETAEAMGIPREEVDRALDPAYPFRTLEERINFGLIMAAMTAAMAGASPEQRVEIAEAARPAVEEAARAGLPREVLMARAHLAPIRKMEEMGVITPEQAARARAYFEDRLRRAEAAAGGSGGSWSHPQFEK,ATGGGCGAAGAAGCGTTTCGTGAAGTTCAGCGTATCTTTGGCACCGATATTCCGCGCGAAGAAATTGAAGCGCGTGTACGTGAAACCGCCGAAGCCATGGGTATTCCGCGTGAAGAAGTGGATCGCGCGCTGGATCCGGCATATCCGTTTCGCACCCTGGAAGAACGTATTAATTTTGGTCTGATCATGGCAGCCATGACGGCCGCGATGGCGGGCGCCAGCCCGGAACAGCGCGTTGAAATTGCGGAAGCGGCCCGTCCGGCGGTGGAAGAAGCCGCGCGCGCGGGTCTGCCGCGCGAAGTGCTGATGGCGCGCGCCCATCTGGCGCCGATTCGCAAAATGGAAGAAATGGGTGTGATTACCCCGGAACAGGCGGCCCGTGCCCGCGCATATTTTGAAGATCGTCTGCGTCGTGCCGAAGCCGCCGCGGGCGGCTCAGGAGGTAGTTGGTCGCACCCGCAGTTTGAAAAATAA,34.0,0.0
158,4.6,16674.86,MGMNEEEIRETIERAVKEVFDDYPPELREELAKEFAEAFWEIYKEYDLPIEEVIAVAMARIHQRMGGGMRGMGMSEEEIRRQVERDVPKLVKVARAVFPEEEIDEERLRELAERAMLGMSEEEILREAGVGGSGGSWSHPQFEK,ATGGGCATGAATGAAGAAGAAATTCGCGAAACCATTGAACGTGCGGTGAAAGAAGTTTTTGATGATTACCCGCCGGAACTGCGTGAAGAACTGGCGAAAGAATTTGCGGAAGCGTTTTGGGAAATTTATAAAGAATATGATCTGCCGATTGAAGAAGTGATTGCGGTGGCGATGGCCCGCATTCATCAGCGTATGGGCGGCGGCATGCGTGGCATGGGCATGTCAGAAGAAGAAATTCGCCGCCAGGTGGAACGCGACGTGCCGAAACTGGTGAAAGTGGCGCGTGCCGTGTTTCCGGAAGAAGAAATTGATGAAGAACGCCTGCGCGAACTGGCCGAACGCGCGATGCTGGGCATGAGCGAAGAAGAAATTCTGCGCGAAGCGGGCGTGGGCGGCAGCGGTGGCAGCTGGAGCCACCCGCAGTTCGAAAAGTAA,30.0,-0.02
160,4.98,17651.36,MGEKAYEIMKEIAKARGIEMTEEELVARAAEVLGMDPATVRALLDDTSPDMPLEDRLTMHRAMVWMTGIMVGLPREKIERVAEESRPLVEEAHERKVAPAALMGIAHAVVFDVLYEEFPELRELIEKAREAFRKLYEELAAKAGGSGGSWSHPQFEK,ATGGGCGAAAAAGCGTACGAAATCATGAAAGAAATTGCGAAAGCGCGCGGCATTGAAATGACCGAAGAGGAACTGGTGGCGCGCGCGGCAGAAGTGCTGGGCATGGATCCGGCGACCGTGCGCGCGCTGCTGGATGATACCAGCCCGGATATGCCGCTGGAAGATCGCCTGACCATGCATCGTGCAATGGTGTGGATGACCGGTATTATGGTGGGCCTGCCGCGCGAAAAAATTGAACGCGTGGCCGAAGAAAGCCGTCCGCTGGTGGAAGAAGCGCACGAACGCAAAGTGGCCCCGGCGGCGCTGATGGGCATTGCCCATGCGGTGGTGTTTGATGTGCTGTACGAAGAATTTCCGGAACTGCGCGAACTGATTGAAAAAGCACGCGAAGCGTTCCGCAAACTGTATGAAGAACTGGCAGCGAAAGCGGGCGGTAGCGGCGGCAGCTGGAGCCACCCGCAGTTTGAAAAATAA,17.0,-0.02
162,4.87,18053.53,MGDELMRMVEEAAVEIFGREGYERVKEMIGPERMAEFRELMARLLADPAAAPREEKVRFAREMFRMAAYAHTDDPERVERIREEGVELAERAVDEGKSPMEMMVEIHTFALDKAVEFGDISREEAERIKEMLREGQKRLEAAMGGSGGSWSHPQFEK,ATGGGCGATGAACTGATGCGTATGGTGGAAGAAGCGGCGGTGGAAATTTTTGGCCGCGAAGGCTACGAACGCGTGAAAGAAATGATTGGCCCGGAACGCATGGCGGAATTTCGCGAACTGATGGCCCGTCTGCTGGCGGATCCGGCGGCGGCGCCGCGCGAAGAAAAAGTGCGCTTTGCGCGCGAAATGTTTCGCATGGCGGCGTACGCGCATACCGATGATCCGGAACGCGTGGAACGTATCCGCGAAGAAGGCGTGGAACTCGCGGAACGCGCGGTGGATGAAGGTAAGAGCCCGATGGAAATGATGGTGGAAATCCATACCTTCGCGCTGGATAAAGCGGTGGAATTTGGTGATATTAGCCGCGAAGAAGCGGAACGCATTAAAGAAATGCTGCGCGAAGGCCAGAAACGCCTGGAAGCGGCGATGGGCGGCAGCGGCGGCAGCTGGAGCCATCCGCAGTTTGAAAAATAA,18.0,0.0
164,5.36,17650.03,MGDEVTRFIVEALGAPPERADPERLYRFMAEVAGMPVERVRELVARRDEPLTPEERRPFAEVMAAMALYLAGYSLEETKKIVPTITERAVAETPEGSSRRELMYIVHIHAFDLLARQGHTEAEAVAEVFRRRLEEERAARAAAGGSGGSWSHPQFEK,ATGGGTGATGAAGTTACCCGCTTTATTGTGGAAGCGCTGGGCGCCCCGCCGGAACGCGCGGATCCGGAACGTCTGTATCGTTTTATGGCCGAAGTGGCGGGCATGCCGGTTGAACGTGTGCGCGAACTGGTGGCGCGCCGTGATGAACCGCTTACCCCGGAAGAACGCCGCCCGTTTGCGGAAGTTATGGCAGCCATGGCACTGTATCTGGCAGGTTATAGCCTGGAAGAAACCAAAAAAATTGTGCCGACCATTACGGAACGTGCGGTGGCGGAAACCCCGGAAGGCAGCAGCCGTCGCGAGCTGATGTATATTGTTCATATTCATGCATTCGATCTGCTGGCGCGCCAGGGCCATACCGAAGCGGAAGCAGTTGCGGAAGTTTTTCGCCGCCGCCTGGAAGAAGAACGCGCCGCGCGCGCCGCGGCGGGCGGCAGCGGTGGCAGCTGGAGCCACCCGCAGTTTGAAAAATAA,30.0,0.0
166,5.16,16212.44,MGASGTVRFGPDAPEFKVRRIFRYGDAVIMELTEPPEGIRGRYMASLILRDRSREAGERAAEIAREVPGVLHVELMPDGREPGMVHLWFDTEEEARRALDELQARLAEAGLDIDKAAMDKMYEQMVGLIRPGGSGGSWSHPQFEK,ATGGGCGCGAGCGGCACCGTCCGCTTTGGCCCGGACGCGCCGGAATTTAAAGTGCGCCGTATTTTTCGTTATGGCGATGCGGTGATTATGGAACTGACCGAACCGCCGGAAGGCATTCGCGGCCGCTATATGGCGAGCCTGATTCTGCGCGATCGTAGCCGCGAAGCGGGCGAACGCGCCGCGGAGATTGCGCGCGAAGTGCCGGGTGTGCTGCACGTGGAACTGATGCCGGATGGCCGTGAACCGGGCATGGTGCATCTGTGGTTTGATACCGAAGAAGAAGCGCGTCGTGCGCTGGATGAACTGCAGGCCCGCCTGGCGGAAGCGGGCCTGGATATTGATAAAGCGGCCATGGATAAAATGTATGAACAAATGGTTGGTCTGATTCGCCCGGGCGGTAGCGGCGGCTCATGGAGCCATCCGCAGTTTGAAAAATAA,23.0,-0.02
168,5.72,19738.58,MGRQIRILFYSRSPEVAEHYKEVFAKAGYEVYTALSLEEAREVLREHPVDAVIVMNMPDDPERSRREAIEIARLVKEVNPKASIIVMDHRDTNLPWARASREEVQAALDEIKKELDRLGVEYTTLDGRKMVFMPKTEEEIKKSVEAIEKEIRKLLEKGGSGGSWSHPQFEK,ATGGGCCGCCAGATCCGCATTCTGTTTTATAGCCGTAGCCCGGAAGTTGCGGAACATTATAAAGAAGTCTTTGCCAAAGCGGGTTATGAAGTGTATACCGCGCTGAGCCTGGAAGAAGCGCGTGAAGTGCTGCGCGAACATCCGGTGGATGCGGTGATCGTTATGAACATGCCGGATGATCCGGAACGCAGCCGCCGCGAAGCGATTGAAATTGCGCGTCTGGTGAAAGAAGTGAATCCGAAAGCGAGCATTATTGTGATGGATCATCGCGATACCAATCTGCCGTGGGCGCGCGCGAGCCGCGAAGAAGTGCAGGCGGCCCTGGATGAAATCAAAAAAGAACTGGATCGTCTGGGCGTTGAATATACCACCCTGGATGGTCGCAAAATGGTGTTTATGCCGAAAACCGAAGAAGAAATTAAAAAAAGCGTGGAAGCGATTGAAAAAGAAATTCGCAAACTGCTGGAAAAAGGCGGCAGCGGCGGCAGCTGGAGCCACCCGCAGTTTGAAAAATAA,33.0,0.0
170,4.78,16399.64,MGELERLAEEAGSPGMRLMARRFTERYPEAEPFFITMFRIHVREKKAGIEINEENMREVMTRYAEETGDYEIPPDFADWVLEAKEELEKEIGPVTMFEATVMAVGTKVLGIPREEARRLTEELMAELRAGGSGGSWSHPQFEK,ATGGGCGAACTGGAACGCCTGGCCGAAGAAGCGGGCAGCCCGGGCATGCGCCTGATGGCGCGTCGCTTTACCGAACGTTATCCGGAAGCGGAACCGTTTTTCATTACCATGTTCCGTATTCATGTGCGCGAAAAAAAAGCGGGTATTGAAATTAACGAAGAAAACATGCGCGAAGTGATGACCCGCTACGCGGAAGAAACCGGCGATTATGAAATTCCGCCGGATTTTGCGGACTGGGTTCTGGAAGCCAAAGAGGAACTGGAAAAAGAAATCGGCCCGGTGACCATGTTTGAAGCGACCGTGATGGCCGTGGGCACCAAAGTGCTGGGCATTCCGCGTGAAGAAGCGCGCCGCCTGACCGAAGAACTGATGGCGGAACTGCGTGCGGGCGGCAGCGGCGGCAGCTGGAGCCATCCGCAGTTTGAAAAATAA,40.0,-0.02
172,5.8,16017.33,MGGPTEEAVRDHVDAMIREATRGRREPTPEEREALAAKLVPLMREMFEAMRRRDAAAIRRIAEEAIDVLEDPRFRQWVAPIDRDAVLAGIDRIIAALERRDYDTILAMLEPFLTPAARAELRRLLRSGGSGGSWSHPQFEK,ATGGGCGGCCCGACCGAAGAAGCGGTGCGTGATCATGTGGATGCGATGATTCGTGAAGCGACCCGCGGCCGTCGTGAACCGACCCCGGAAGAACGTGAAGCGCTGGCGGCCAAACTGGTGCCGCTGATGCGCGAAATGTTTGAAGCGATGCGTCGTCGCGATGCAGCGGCGATCCGCCGTATTGCGGAAGAAGCGATTGATGTGTTGGAAGATCCGCGTTTTCGTCAGTGGGTGGCCCCGATTGATCGTGATGCGGTGCTGGCCGGCATTGATCGTATTATTGCGGCACTGGAACGTCGTGATTACGATACCATTTTAGCGATGCTGGAACCGTTTCTGACCCCGGCAGCACGCGCCGAACTGCGTCGTCTGCTGCGCAGCGGCGGCAGCGGTGGCAGCTGGAGCCATCCGCAGTTCGAAAAATAA,39.0,-0.02
174,6.17,16067.39,MGLVDPAAVREHVDAMIARATAGRRPMTPEEREELRAELVPLMERMYEALARRDTDALARIVREAYRVLMDPRFRRWVRPIDPAEVDAFIDELRKLVEAGDRDAIYDRLAPFLSPGARAQLRRVLDAGGSGGSWSHPQFEK,ATGGGCCTGGTGGATCCGGCCGCGGTTCGCGAACATGTGGATGCCATGATTGCGCGTGCGACTGCCGGTCGCCGCCCGATGACCCCGGAAGAACGTGAAGAACTTCGCGCCGAACTGGTTCCGTTAATGGAACGCATGTACGAAGCGCTGGCGCGCCGTGACACCGATGCACTGGCGCGCATTGTTCGCGAAGCATATCGCGTGCTGATGGATCCGCGTTTTCGCCGCTGGGTGCGCCCGATCGATCCGGCCGAAGTTGATGCGTTTATTGATGAACTGCGTAAACTGGTTGAAGCCGGTGATCGTGATGCGATTTATGATCGTCTGGCCCCGTTTCTGAGCCCAGGCGCGCGCGCACAACTGCGCCGTGTTCTGGATGCGGGCGGCTCTGGTGGCAGCTGGAGCCACCCGCAGTTTGAAAAATAA,42.0,0.02
176,5.03,23984.42,MGSWRDFIRDMVDRMVENGIITEEEARALLEALERYERLLRELAARVGETEEEVRAQLMGDLAIAVPFFGGDVSGMERMVEVLFSILYPDGMTPEAKAHLEYLTALHRAAGERIRERGAALADDPLGRELLVLLSAMLVVFFRKMEEAPAAQKAMTPEQRAFVRELRRAHEEFLERVRREEPEIYERYYEPLRGLGGSGGSWSHPQFEK,ATGGGCAGCTGGCGTGATTTCATTCGTGATATGGTGGATCGCATGGTTGAAAACGGTATCATTACCGAAGAAGAAGCGCGCGCGCTGCTGGAAGCGCTGGAACGCTATGAACGCCTGCTGCGCGAACTGGCGGCGCGCGTGGGCGAAACCGAAGAAGAAGTTCGCGCGCAGCTGATGGGCGATCTGGCCATTGCGGTTCCGTTTTTTGGTGGCGATGTATCAGGCATGGAACGCATGGTAGAAGTGCTGTTTAGCATTCTGTACCCGGATGGCATGACCCCGGAAGCGAAAGCACATCTGGAATATCTGACCGCGCTGCACCGTGCCGCCGGCGAACGTATTCGTGAACGCGGCGCCGCCCTGGCGGATGATCCGCTGGGCCGCGAACTGCTGGTGCTGCTGAGCGCGATGCTGGTGGTGTTTTTTCGCAAAATGGAAGAAGCGCCGGCGGCGCAGAAAGCGATGACCCCGGAACAGCGCGCCTTTGTGCGTGAACTGCGTCGCGCACATGAAGAATTTCTGGAACGCGTGCGTCGCGAAGAACCGGAAATTTATGAACGCTACTACGAACCGCTGCGTGGCTTAGGCGGCAGCGGCGGCAGCTGGAGCCATCCGCAGTTTGAAAAATAA,29.0,0.0
178,4.58,17586.87,MGYLDKVAQAFYKMVEDHRPLVERLMKEEGVPEDEVAEALKPAARERADEYPITHQMMEVVERIEAGEPIPLEELPEELRHIVEFFEFVKEALGLDSLMEAIEAFNAFAREQGYKGMFSIDANEEEIKALVRRFYDYVAGGSGGSWSHPQFEK,ATGGGCTATCTGGATAAAGTGGCGCAGGCCTTTTATAAAATGGTGGAAGATCATCGTCCGCTGGTGGAGCGCCTGATGAAAGAAGAAGGTGTGCCGGAAGATGAAGTGGCGGAAGCGCTGAAACCGGCCGCGCGCGAACGCGCGGATGAATATCCGATTACCCATCAGATGATGGAAGTTGTGGAACGTATTGAAGCCGGCGAACCGATTCCGCTGGAAGAACTGCCGGAAGAACTGCGCCATATTGTGGAATTTTTTGAATTCGTGAAAGAAGCGCTGGGCCTGGATAGCCTGATGGAAGCGATTGAAGCGTTTAACGCCTTTGCGCGCGAACAGGGCTACAAAGGCATGTTTAGCATTGATGCCAATGAAGAAGAAATTAAAGCGCTGGTGCGCCGTTTTTACGATTATGTGGCCGGCGGCAGCGGCGGCAGCTGGAGCCATCCGCAGTTTGAAAAGTAA,20.0,-0.02
180,4.81,26436.25,MGELVELAEEAIRIIDEEAEEWAKYPTFEAFREEAVEYFRRLGKPEAARMAEAYGENAERFVAERPELRPYLVKAFVAIGLAFRPIDPRIRAIGMAYAALILLEAGMTPEEIRELLAGARRALAEAFQEQGAKASLEQLVEALDATMEVMIESAREMIEMLKEGVPFEEFERRMWELAERAIRRVEEILADDPKTRDFLIAAARAHAEGAIAIYRYLRPGGSGGSWSHPQFEK,ATGGGCGAACTGGTTGAACTGGCCGAAGAAGCGATTCGCATTATTGATGAAGAAGCGGAAGAATGGGCGAAATACCCGACCTTTGAAGCGTTCCGCGAAGAAGCGGTGGAATATTTTCGCCGTCTGGGCAAACCGGAAGCCGCGCGCATGGCCGAAGCGTATGGCGAAAACGCCGAACGCTTTGTGGCGGAACGCCCGGAACTGCGTCCGTACCTGGTGAAAGCCTTCGTGGCGATTGGCCTGGCGTTTCGCCCGATTGATCCGCGTATTCGTGCGATTGGTATGGCGTATGCGGCGCTGATTCTGCTGGAAGCGGGCATGACCCCGGAAGAAATTCGCGAACTGCTGGCGGGCGCCCGCCGCGCGCTGGCCGAAGCGTTTCAGGAACAGGGTGCGAAAGCAAGCCTGGAGCAGCTGGTGGAAGCGCTGGATGCGACCATGGAAGTGATGATTGAAAGCGCCCGCGAAATGATTGAAATGCTGAAAGAAGGTGTGCCGTTTGAAGAATTTGAACGCCGCATGTGGGAACTGGCAGAACGTGCCATTCGTCGCGTGGAAGAAATTCTGGCGGATGATCCGAAAACCCGCGATTTCCTGATTGCGGCCGCCCGCGCCCACGCGGAAGGCGCCATCGCCATCTATCGTTACCTGCGCCCGGGCGGCAGCGGCGGCAGCTGGAGCCATCCGCAGTTTGAAAAATAA,8.0,0.0
182,5.7,16802.29,MGRALAREVLERAGLDPALADPAVALEVLREAGHPDADRVVALAADPRREMTPEEARNFMIAMVYMAARMLGLSPEEARRVVERAAPTMEALADKVRTAAEAMAAAHQAAGEAMRELGLPQAERALRLGRLVAEAARRILAEAGGSGGSWSHPQFEK,ATGGGCCGCGCGCTGGCGCGCGAAGTGCTGGAACGCGCTGGCCTGGATCCGGCGCTGGCGGATCCGGCCGTTGCGCTGGAAGTGCTGCGTGAAGCGGGCCACCCCGATGCGGATCGTGTTGTAGCGCTGGCAGCCGATCCGCGCCGCGAAATGACGCCGGAAGAAGCGCGTAACTTTATGATTGCGATGGTTTATATGGCAGCCCGCATGCTGGGCCTGTCACCGGAAGAAGCCCGTCGTGTGGTTGAACGTGCGGCGCCGACGATGGAAGCCCTGGCCGATAAAGTGCGCACTGCAGCGGAAGCCATGGCAGCGGCACATCAAGCGGCGGGCGAAGCAATGCGCGAACTGGGCCTGCCGCAGGCAGAACGCGCACTGCGTCTGGGCCGTCTGGTTGCCGAAGCCGCACGCCGCATTCTGGCCGAGGCAGGTGGCTCTGGTGGCTCATGGTCACACCCGCAGTTTGAAAAATAA,35.0,0.02
184,5.18,17176.56,MGDAAARRMAELLGAPPERADPALILERIARLLGKSVEEVEEILKRDPRTMNEEEAREFGRAMGAMPGVMAGASDEEIRRVMELGAPLAVEAAAEGRNRQIAMMRIHRAGFRHLAELGLVPPEGAARAVEELRAEEERELAREGGSGGSWSHPQFEK,ATGGGCGATGCGGCCGCACGCCGCATGGCCGAACTGCTGGGTGCGCCGCCGGAACGCGCGGATCCGGCCCTGATTCTGGAACGCATTGCGCGCCTGCTGGGCAAAAGCGTTGAAGAAGTGGAAGAAATTCTGAAACGTGATCCGCGCACCATGAACGAAGAAGAAGCACGTGAATTTGGTCGTGCGATGGGCGCCATGCCGGGAGTGATGGCGGGCGCGAGCGATGAAGAAATTCGTCGCGTGATGGAACTTGGTGCACCGCTGGCCGTTGAAGCGGCCGCCGAAGGCCGCAACCGCCAGATTGCAATGATGCGTATCCATCGCGCCGGTTTCCGTCATCTGGCGGAACTGGGTCTGGTACCGCCGGAAGGCGCGGCACGTGCGGTGGAAGAATTACGTGCCGAAGAAGAACGTGAACTGGCGCGTGAAGGCGGTTCGGGTGGCAGCTGGAGCCATCCGCAGTTTGAAAAATAA,27.0,0.0
186,4.71,14793.48,MGMKSFEEAMRAAHDRAPDAAVVHEVVDRIVADPTPEGVREALEAGGGRRALDGLVAGMRNMVPEFRREYGIEFSGPLPTPEEVEEAVRVGLRASGYSEEEVEARAEAERRMTELILEEAGLGGSGGSWSHPQFEK,ATGGGCATGAAAAGCTTTGAAGAAGCCATGCGTGCCGCGCATGATCGTGCACCGGATGCAGCGGTGGTGCATGAAGTGGTGGATCGCATTGTTGCCGATCCGACCCCGGAAGGCGTGCGTGAAGCATTAGAAGCGGGTGGCGGCCGTCGCGCCCTGGATGGTCTGGTGGCGGGCATGCGCAACATGGTTCCGGAATTTCGTCGTGAATACGGCATTGAATTTAGCGGTCCGCTGCCTACCCCGGAAGAAGTAGAAGAAGCCGTGCGTGTGGGTCTGCGCGCGAGCGGCTATAGCGAAGAAGAAGTGGAAGCGCGCGCGGAAGCGGAACGTCGCATGACGGAACTGATTCTGGAAGAAGCGGGCCTGGGCGGCAGCGGCGGCAGCTGGTCACATCCGCAGTTTGAAAAATAA,33.0,0.0
188,5.03,23314.46,MGGEAELRAALEAAAERVRARAEELGREAIERGLDRFLEAVDELAPSERVRRVAELMVEAIRAAFAGDDETAERLWREALRLMEEDPLESFRTIFAAWVYLLTGDKERARAEADAIPDEEVRERLRRLLRVTEHPLAPPFIRLHLLQMALAFAYAAMGRHEEARRWFAGMEALGEAAGALDDPAAALELLRRALGGSGGSWSHPQFEK,ATGGGCGGCGAAGCCGAACTGCGCGCAGCGCTGGAAGCGGCCGCAGAACGCGTGCGTGCGCGTGCGGAAGAATTAGGCCGCGAAGCCATTGAACGTGGCCTGGATCGCTTTCTGGAAGCGGTTGATGAACTGGCGCCGAGCGAACGTGTTCGTCGCGTAGCGGAACTGATGGTTGAAGCGATTCGCGCGGCCTTTGCGGGCGATGATGAAACCGCGGAACGCTTGTGGCGTGAAGCGCTGCGTCTGATGGAAGAAGATCCTCTGGAATCATTCCGCACCATTTTTGCGGCATGGGTGTATCTGCTGACCGGCGACAAAGAACGCGCACGTGCCGAAGCGGATGCGATTCCGGACGAAGAAGTGCGCGAACGCCTGCGCCGTCTGTTGCGCGTGACTGAACATCCGCTGGCGCCGCCGTTTATTCGTCTGCACCTGCTGCAGATGGCCCTGGCCTTTGCGTATGCGGCGATGGGCCGTCATGAAGAAGCGCGCCGTTGGTTTGCCGGCATGGAAGCACTGGGCGAAGCGGCCGGCGCACTGGACGATCCGGCGGCAGCGCTGGAACTGCTGCGTCGTGCACTGGGTGGTAGTGGCGGCAGCTGGAGCCACCCGCAGTTTGAAAAATAA,37.0,0.02
190,5.14,17234.53,MGEPSPAARAFREVAARRGLTEEEVFRYGADRVGMDPERLRRVIEQPMNTLAPEDILAFAEAMTYMTAYMLGAPDEIADEAYKQLAPIALRLQEEGRHGLALMGHAHIITARLAKERGHVPADLADEMIAAAEQAIREAEALHGGSGGSWSHPQFEK,ATGGGCGAACCGAGCCCGGCGGCACGTGCGTTCCGTGAAGTTGCCGCGCGTCGTGGCCTGACCGAAGAAGAAGTGTTCCGCTATGGCGCGGATCGCGTTGGCATGGATCCGGAACGCCTTCGCCGCGTGATTGAACAGCCGATGAATACCCTGGCACCGGAAGATATTCTGGCCTTTGCGGAAGCAATGACCTATATGACCGCATATATGCTGGGCGCACCGGATGAAATTGCAGATGAAGCGTACAAACAGCTGGCGCCGATTGCGCTGCGTCTGCAGGAAGAAGGCCGCCACGGTCTGGCGCTGATGGGCCATGCGCATATTATTACCGCACGCCTGGCCAAAGAACGTGGTCATGTGCCGGCGGATCTGGCGGATGAAATGATTGCCGCGGCGGAACAGGCGATTCGTGAAGCCGAAGCGCTGCATGGCGGTAGCGGCGGCAGCTGGTCGCATCCGCAATTTGAAAAATAA,40.0,0.0
192,4.87,16813.01,MGDPLLREAEAMLPPELRAGLAAGRERYGPEAEAAVARMRAAAPSGRGSEMPEEVRREFGRNMAKMEAAGAGLTEEEAEKVAEAVEPYAVEAAERGASVEEMMELMHAKAAEAMGELGLIPPEEAKRRVAIYERIYELAKAAAGGSGGSWSHPQFEK,ATGGGCGATCCGTTACTCCGTGAAGCCGAAGCGATGCTGCCGCCGGAACTGCGTGCCGGCCTGGCGGCGGGCCGTGAACGTTATGGCCCGGAAGCAGAAGCCGCGGTGGCCCGCATGCGTGCAGCCGCCCCGAGCGGTCGTGGCAGCGAAATGCCGGAGGAAGTGCGCCGCGAATTTGGCCGTAATATGGCTAAAATGGAAGCAGCGGGCGCGGGCCTGACCGAAGAAGAAGCGGAAAAAGTGGCCGAAGCGGTTGAACCGTATGCAGTTGAAGCGGCGGAACGTGGCGCGAGCGTAGAAGAAATGATGGAACTGATGCATGCAAAAGCGGCGGAAGCAATGGGTGAACTGGGTCTGATCCCTCCGGAAGAAGCGAAACGCCGTGTGGCGATTTACGAACGTATTTATGAACTGGCAAAAGCGGCCGCGGGCGGCAGCGGCGGCAGCTGGTCGCATCCTCAGTTTGAAAAATAA,24.0,0.02
